Workbook

Sheet 평가기준
A1: 항목 | B1: 고정값 | C1: 해석·재현 규칙
A2: 평가 데이터 | B2: data/training/front_session_split_v1/test | C2: 누수 방지 후 고정한 test split만 정확도 평가에 사용
A3: 평가 이미지 수 | B3: 437 | C3: 모든 성공 후보에서 반드시 동일
A4: COCO AP confidence 최소값 | B4: 0.001 | C4: 점수 곡선을 보존하기 위한 낮은 수집 threshold
A5: Semantic mIoU threshold | B5: 0.25 | C5: 배포 운용점에서 클래스별 instance mask를 합집합
A6: 지연시간 표본 이미지 | B6: 32 | C6: seed 42로 선택된 동일 이미지 집합
A7: Warm-up / 반복당 측정 | B7: 20 / 200 | C7: GPU 동기화 전후를 포함한 end-to-end in-memory 측정
A8: Benchmark 반복 횟수 | B8: 3 | C8: 반복별 warm-up 후 통계를 재측정
A9: 반복 median CV 경고선 | B9: 0.05 | C9: 초과 시 제외하지 않고 재측정 필요 경고
A10: BBox AP 허용 하락 | B10: 0.01 | C10: B01 TensorRT 재측정값 대비 절대 하락 한계
A11: Mask AP 허용 하락 | B11: 0.01 | C11: B01 TensorRT 재측정값 대비 절대 하락 한계
A12: Semantic mIoU 허용 하락 | B12: 0.02 | C12: B01 TensorRT 재측정값 대비 절대 하락 한계
A13: 실시간 목표 FPS | B13: 30 | C13: 최종 배포 후보 표시 기준
A14: Median latency 예산(ms) | B14: 33.333333 | C14: 30 FPS frame period에 해당
A15: P95 latency 정책 | B15: 보조지표·경고 전용 | C15: 33.33 ms 초과 시 경고하되 배포·Pareto hard gate에는 사용하지 않음
A16: CV 5% 초과 처리 | B16: 지연시간 3회 전체 재측정 최대 1회 | C16: 두 번째 3회를 공식값으로 사용; 여전히 초과하면 최종 권장에서 제외
A17: Pareto 최대화 | B17: Mask AP | C17: 정확도 3종 보존 gate와 측정 유효성 통과 후 적용
A18: Pareto 최소화 | B18: Median latency, engine size | C18: BBox AP, mIoU, P95, GPU memory는 보조지표
A20: 보고 지표 정의
A21: 지표 | B21: 정의
A22: BBox/Mask AP | B22: COCO AP@[IoU=.50:.05:.95], maxDets=100
A23: AP50 / AP75 | B23: 완화/엄격 IoU 조건의 위치·경계 품질
A24: AP small/medium/large | B24: 객체 면적별 성능 편향 점검
A25: AR100 | B25: 이미지당 최대 100개 예측에서 평균 재현율
A26: Semantic mIoU | B26: 클래스별 dataset intersection/union의 macro mean
A27: Median/P95/P99 | B27: 일반·tail latency를 함께 보고
A28: 반복 median 95% CI | B28: 3회 반복 median 평균의 t 구간
A29: GPU memory | B29: 3회 측정 중 max allocated/reserved

Sheet 원시결과
A1: ID | B1: 경량화 계열 | C1: 방식 | D1: 정밀도 | E1: 입력크기 | F1: 1차 판정 | G1: 1차 불통 사유 | H1: 2차 상태 | I1: 2차 실패 사유 | J1: BBox AP | K1: BBox AP50 | L1: BBox AP75 | M1: BBox AP-small | N1: BBox AP-medium | O1: BBox AP-large | P1: BBox AR100 | Q1: Mask AP | R1: Mask AP50 | S1: Mask AP75 | T1: Mask AP-small | U1: Mask AP-medium | V1: Mask AP-large | W1: Mask AR100 | X1: Semantic mIoU | Y1: Mean ms | Z1: Median ms | AA1: P95 ms | AB1: P99 ms | AC1: IQR ms | AD1: 전체 CV | AE1: 반복 Median CV | AF1: 반복 Median CI95 하한 | AG1: 반복 Median CI95 상한 | AH1: FPS | AI1: GPU allocated bytes | AJ1: GPU reserved bytes | AK1: Engine bytes | AL1: 측정 반복 수 | AM1: 총 latency 횟수 | AN1: Engine 경로 | AO1: 평가 JSON | AP1: Benchmark JSON 목록 | AQ1: Test 이미지 수 | AR1: 예측 수 | AS1: Engine SHA256 | AT1: Annotation SHA256 | AU1: 전체 Benchmark JSON 목록 | AV1: CV 재측정 수행 | AW1: CV 재측정 횟수 | AX1: CV 불안정 미해결 | AY1: Latency 측정 라운드
A2: B01 | B2: baseline | C2: none | D2: fp32 | E2: 1x3x504x504 | F2: 통과 | H2: 완료 | J2: 0.73785893 | K2: 0.92687396 | L2: 0.79214494 | M2: 0.31082722 | N2: 0.6103673 | O2: 0.84158753 | P2: 0.87938712 | Q2: 0.6026427 | R2: 0.83992178 | S2: 0.64881188 | T2: 0.056792806 | U2: 0.48866118 | V2: 0.71596522 | W2: 0.72964413 | X2: 0.71200708 | Y2: 46.022159 | Z2: 45.820257 | AA2: 48.561517 | AB2: 49.340607 | AC2: 1.6076312 | AD2: 0.027909928 | AE2: 0.001230759 | AF2: 45.660595 | AG2: 45.940677 | AH2: 21.728663 | AI2: 941561856 | AJ2: 1000341504 | AK2: 135622764 | AL2: 3 | AM2: 600 | AN2: artifacts/experiments/B01/front/model.engine | AO2: results/coco-evaluation/B01-front.json | AP2: ["results/benchmarks/notebook-controlled/20260904_104755/B01/repeat-01/front_tensorrt_fp32_20260904_104843.json", "results/benchmarks/notebook-controlled/20260904_104755/B01/repeat-02/front_tensorrt_fp32_20260904_104901.json", "results/benchmarks/notebook-controlled/20260904_104755/B01/repeat-03/front_tensorrt_fp32_20260904_104919.json"] | AQ2: 437 | AR2: 86415 | AS2: b7800a7c51d9163f3b88030919f15231ff1b262cad9feac52bbd09081684ef6d | AT2: 037949731e462ecb42feb6e61b61fbca555dfe2a3d381464ad36a17b0a7ff9b9 | AU2: ["results/benchmarks/notebook-controlled/20260904_104755/B01/repeat-01/front_tensorrt_fp32_20260904_104843.json", "results/benchmarks/notebook-controlled/20260904_104755/B01/repeat-02/front_tensorrt_fp32_20260904_104901.json", "results/benchmarks/notebook-controlled/20260904_104755/B01/repeat-03/front_tensorrt_fp32_20260904_104919.json"] | AV2: FALSE | AW2: 0 | AX2: FALSE | AY2: [{"round": 1, "benchmarks": ["results/benchmarks/notebook-controlled/20260904_104755/B01/repeat-01/front_tensorrt_fp32_20260904_104843.json", "results/benchmarks/notebook-controlled/20260904_104755/B01/repeat-02/front_tensorrt_fp32_20260904_104901.json", "results/benchmarks/notebook-controlled/20260904_104755/B01/repeat-03/front_tensorrt_fp32_20260904_104919.json"], "aggregate": {"benchmark_repetitions": 3, "measured_runs_per_repetition": 200, "total_measured_runs": 600, "replicate_median_ms": [45.865366999350954, 45.774185498885345, 45.76235649801674], "replicate_mean_ms": [46.034489404446504, 45.990707429627946, 46.04127945516666], "replicate_median_mean_ms": 45.800636332084345, "replicate_median_std_ms": 0.05636954655638497, "replicate_median_cv": 0.0012307590258718059, "replicate_median_ci95_low_ms": 45.66059531378848, "replicate_median_ci95_high_ms": 45.94067735038021, "mean_ms": 46.02215876308037, "median_ms": 45.82025699710357, "standard_deviation_ms": 1.2844751555142258, "coefficient_of_variation": 0.027909928391813076, "min_ms": 43.22496500390116, "max_ms": 49.91654799960088, "p05_ms": 44.25489459936216, "p25_ms": 45.08433199953288, "p75_ms": 46.6919632472127, "p95_ms": 48.56151670392137, "p99_ms": 49.34060668594611, "iqr_ms": 1.6076312476798194, "fps": 21.728663471610425, "gpu_peak_allocated_bytes": 941561856, "gpu_peak_reserved_bytes": 1000341504}, "official": true}]
A3: B02 | B3: precision | C3: tensorrt-fp16 | D3: fp16 | E3: 1x3x504x504 | F3: 통과 | H3: 완료 | J3: 0.74155301 | K3: 0.92750512 | L3: 0.79308663 | M3: 0.31399164 | N3: 0.63603918 | O3: 0.84685957 | P3: 0.88038199 | Q3: 0.60172169 | R3: 0.83749409 | S3: 0.64879364 | T3: 0.053341953 | U3: 0.48682627 | V3: 0.7146841 | W3: 0.73069235 | X3: 0.71384758 | Y3: 26.039733 | Z3: 25.77521 | AA3: 28.130156 | AB3: 29.321301 | AC3: 1.8137915 | AD3: 0.051220757 | AE3: 0.028758074 | AF3: 24.073147 | AG3: 27.777613 | AH3: 38.402852 | AI3: 941561856 | AJ3: 1000341504 | AK3: 71242972 | AL3: 3 | AM3: 600 | AN3: artifacts/experiments/B02/front/model.engine | AO3: results/coco-evaluation/B02-front.json | AP3: ["results/benchmarks/notebook-controlled/20260904_104755/B02/repeat-01/front_tensorrt_fp16_20260904_104933.json", "results/benchmarks/notebook-controlled/20260904_104755/B02/repeat-02/front_tensorrt_fp16_20260904_104947.json", "results/benchmarks/notebook-controlled/20260904_104755/B02/repeat-03/front_tensorrt_fp16_20260904_105001.json"] | AQ3: 437 | AR3: 86439 | AS3: eedabbb239942a30399e9f1b59b0f8a0c9d76097de80e4efd466535a9b879185 | AT3: 037949731e462ecb42feb6e61b61fbca555dfe2a3d381464ad36a17b0a7ff9b9 | AU3: ["results/benchmarks/notebook-controlled/20260904_104755/B02/repeat-01/front_tensorrt_fp16_20260904_104933.json", "results/benchmarks/notebook-controlled/20260904_104755/B02/repeat-02/front_tensorrt_fp16_20260904_104947.json", "results/benchmarks/notebook-controlled/20260904_104755/B02/repeat-03/front_tensorrt_fp16_20260904_105001.json"] | AV3: FALSE | AW3: 0 | AX3: FALSE | AY3: [{"round": 1, "benchmarks": ["results/benchmarks/notebook-controlled/20260904_104755/B02/repeat-01/front_tensorrt_fp16_20260904_104933.json", "results/benchmarks/notebook-controlled/20260904_104755/B02/repeat-02/front_tensorrt_fp16_20260904_104947.json", "results/benchmarks/notebook-controlled/20260904_104755/B02/repeat-03/front_tensorrt_fp16_20260904_105001.json"], "aggregate": {"benchmark_repetitions": 3, "measured_runs_per_repetition": 200, "total_measured_runs": 600, "replicate_median_ms": [25.510872499580728, 26.78608849964803, 25.4791785046109], "replicate_mean_ms": [25.691386710132065, 26.664797089761123, 25.7630138402601], "replicate_median_mean_ms": 25.92537983461322, "replicate_median_std_ms": 0.7455640025368662, "replicate_median_cv": 0.028758074415614024, "replicate_median_ci95_low_ms": 24.073146696360688, "replicate_median_ci95_high_ms": 27.777612972865754, "mean_ms": 26.03973254671776, "median_ms": 25.775210498977685, "standard_deviation_ms": 1.3337748089065833, "coefficient_of_variation": 0.05122075683817659, "min_ms": 23.657678997551557, "max_ms": 38.57225999672664, "p05_ms": 24.354618451252463, "p25_ms": 25.116360249739955, "p75_ms": 26.930151745546027, "p95_ms": 28.130155548933544, "p99_ms": 29.321301157033297, "iqr_ms": 1.813791495806072, "fps": 38.40285218774443, "gpu_peak_allocated_bytes": 941561856, "gpu_peak_reserved_bytes": 1000341504}, "official": true}]
A4: B03 | B4: precision | C4: tensorrt-int8-ptq | D4: int8 | E4: 1x3x504x504 | F4: 통과 | H4: 완료 | J4: 0.74219013 | K4: 0.92834409 | L4: 0.79528323 | M4: 0.3125477 | N4: 0.63428508 | O4: 0.84784973 | P4: 0.87840454 | Q4: 0.60274983 | R4: 0.83960948 | S4: 0.64742157 | T4: 0.053793733 | U4: 0.48623889 | V4: 0.71519034 | W4: 0.72973293 | X4: 0.71244368 | Y4: 25.695928 | Z4: 25.360001 | AA4: 27.903415 | AB4: 29.424017 | AC4: 1.667965 | AD4: 0.047832669 | AE4: 0.022643032 | AF4: 24.038588 | AG4: 26.904274 | AH4: 38.916672 | AI4: 941561856 | AJ4: 1000341504 | AK4: 71309796 | AL4: 3 | AM4: 600 | AN4: artifacts/experiments/B03/front/model.engine | AO4: results/coco-evaluation/B03-front.json | AP4: ["results/benchmarks/notebook-controlled/20260904_104755/B03/repeat-01/front_tensorrt_int8_20260904_105014.json", "results/benchmarks/notebook-controlled/20260904_104755/B03/repeat-02/front_tensorrt_int8_20260904_105028.json", "results/benchmarks/notebook-controlled/20260904_104755/B03/repeat-03/front_tensorrt_int8_20260904_105042.json"] | AQ4: 437 | AR4: 86420 | AS4: 29efb304dc17c96d4a8b281be1a71eb5e1cf743fb8a87e30aaebe8e6b17d97cf | AT4: 037949731e462ecb42feb6e61b61fbca555dfe2a3d381464ad36a17b0a7ff9b9 | AU4: ["results/benchmarks/notebook-controlled/20260904_104755/B03/repeat-01/front_tensorrt_int8_20260904_105014.json", "results/benchmarks/notebook-controlled/20260904_104755/B03/repeat-02/front_tensorrt_int8_20260904_105028.json", "results/benchmarks/notebook-controlled/20260904_104755/B03/repeat-03/front_tensorrt_int8_20260904_105042.json"] | AV4: FALSE | AW4: 0 | AX4: FALSE | AY4: [{"round": 1, "benchmarks": ["results/benchmarks/notebook-controlled/20260904_104755/B03/repeat-01/front_tensorrt_int8_20260904_105014.json", "results/benchmarks/notebook-controlled/20260904_104755/B03/repeat-02/front_tensorrt_int8_20260904_105028.json", "results/benchmarks/notebook-controlled/20260904_104755/B03/repeat-03/front_tensorrt_int8_20260904_105042.json"], "aggregate": {"benchmark_repetitions": 3, "measured_runs_per_repetition": 200, "total_measured_runs": 600, "replicate_median_ms": [25.11864050029544, 26.1370039988833, 25.15864749875618], "replicate_mean_ms": [25.29866738466808, 26.305342669875245, 25.483774735002953], "replicate_median_mean_ms": 25.471430665978307, "replicate_median_std_ms": 0.5767504105652246, "replicate_median_cv": 0.02264303164311767, "replicate_median_ci95_low_ms": 24.038587584345166, "replicate_median_ci95_high_ms": 26.904273747611448, "mean_ms": 25.695928263182093, "median_ms": 25.360001498484053, "standard_deviation_ms": 1.2291048288609272, "coefficient_of_variation": 0.04783266890661529, "min_ms": 23.745894999592565, "max_ms": 31.56493799906457, "p05_ms": 24.230169856309658, "p25_ms": 24.793393997242674, "p75_ms": 26.461358998858486, "p95_ms": 27.903415251421393, "p99_ms": 29.424016557095452, "iqr_ms": 1.667965001615812, "fps": 38.91667153479839, "gpu_peak_allocated_bytes": 941561856, "gpu_peak_reserved_bytes": 1000341504}, "official": true}]
A5: U01 | B5: unstructured | C5: global-magnitude | D5: fp32 | E5: 1x3x504x504 | F5: 불통 | G5: ONNX 크기·node·dense MACs 중 어느 항목도 사전 고정 5% 감소 기준을 충족하지 못함 | H5: 대기 | AV5: FALSE | AW5: 0 | AX5: FALSE
A6: U02 | B6: unstructured | C6: global-magnitude | D6: fp32 | E6: 1x3x504x504 | F6: 불통 | G6: ONNX 크기·node·dense MACs 중 어느 항목도 사전 고정 5% 감소 기준을 충족하지 못함 | H6: 대기 | AV6: FALSE | AW6: 0 | AX6: FALSE
A7: U03 | B7: unstructured | C7: global-magnitude | D7: fp32 | E7: 1x3x504x504 | F7: 불통 | G7: ONNX 크기·node·dense MACs 중 어느 항목도 사전 고정 5% 감소 기준을 충족하지 못함 | H7: 대기 | AV7: FALSE | AW7: 0 | AX7: FALSE
A8: M01 | B8: semi-structured | C8: nvidia-2to4 | D8: fp16 | E8: 1x3x504x504 | F8: 통과 | H8: 완료 | J8: 0.63458287 | K8: 0.90660321 | L8: 0.69784803 | M8: 0.22404947 | N8: 0.57684388 | O8: 0.73652921 | P8: 0.78770631 | Q8: 0.51798814 | R8: 0.80300658 | S8: 0.55919488 | T8: 0.043139789 | U8: 0.29442734 | V8: 0.63980709 | W8: 0.67737964 | X8: 0.68262358 | Y8: 25.63867 | Z8: 25.386515 | AA8: 27.630042 | AB8: 28.270791 | AC8: 1.279692 | AD8: 0.039698236 | AE8: 0.0095840373 | AF8: 24.793421 | AG8: 26.002881 | AH8: 39.003583 | AI8: 941561856 | AJ8: 1000341504 | AK8: 71198284 | AL8: 3 | AM8: 600 | AN8: artifacts/experiments/M01/front/model.engine | AO8: results/coco-evaluation/M01-front.json | AP8: ["results/benchmarks/notebook-controlled/20260904_104755/M01/repeat-01/front_tensorrt_fp16_20260904_105056.json", "results/benchmarks/notebook-controlled/20260904_104755/M01/repeat-02/front_tensorrt_fp16_20260904_105110.json", "results/benchmarks/notebook-controlled/20260904_104755/M01/repeat-03/front_tensorrt_fp16_20260904_105123.json"] | AQ8: 437 | AR8: 87264 | AS8: 34429486ea34f461cebfd4ed7b2e2df537160c9326589d120e74a962ac39efb7 | AT8: 037949731e462ecb42feb6e61b61fbca555dfe2a3d381464ad36a17b0a7ff9b9 | AU8: ["results/benchmarks/notebook-controlled/20260904_104755/M01/repeat-01/front_tensorrt_fp16_20260904_105056.json", "results/benchmarks/notebook-controlled/20260904_104755/M01/repeat-02/front_tensorrt_fp16_20260904_105110.json", "results/benchmarks/notebook-controlled/20260904_104755/M01/repeat-03/front_tensorrt_fp16_20260904_105123.json"] | AV8: FALSE | AW8: 0 | AX8: FALSE | AY8: [{"round": 1, "benchmarks": ["results/benchmarks/notebook-controlled/20260904_104755/M01/repeat-01/front_tensorrt_fp16_20260904_105056.json", "results/benchmarks/notebook-controlled/20260904_104755/M01/repeat-02/front_tensorrt_fp16_20260904_105110.json", "results/benchmarks/notebook-controlled/20260904_104755/M01/repeat-03/front_tensorrt_fp16_20260904_105123.json"], "aggregate": {"benchmark_repetitions": 3, "measured_runs_per_repetition": 200, "total_measured_runs": 600, "replicate_median_ms": [25.371922998601804, 25.168909996864386, 25.653619501099456], "replicate_mean_ms": [25.636607845262915, 25.308891300082905, 25.970511509622156], "replicate_median_mean_ms": 25.39815083218855, "replicate_median_std_ms": 0.2434168242232701, "replicate_median_cv": 0.009584037272303062, "replicate_median_ci95_low_ms": 24.793421115222046, "replicate_median_ci95_high_ms": 26.00288054915505, "mean_ms": 25.63867021832266, "median_ms": 25.386515499121742, "standard_deviation_ms": 1.0178099691553661, "coefficient_of_variation": 0.03969823553594402, "min_ms": 23.64266099903034, "max_ms": 29.305033000127878, "p05_ms": 24.33986774922232, "p25_ms": 24.924465749791125, "p75_ms": 26.20415775163565, "p95_ms": 27.630041898737545, "p99_ms": 28.270790903407033, "iqr_ms": 1.2796920018445235, "fps": 39.00358292706424, "gpu_peak_allocated_bytes": 941561856, "gpu_peak_reserved_bytes": 1000341504}, "official": true}]
A9: M02 | B9: semi-structured | C9: nvidia-2to4 | D9: fp16 | E9: 1x3x504x504 | F9: 통과 | H9: 완료 | J9: 0.63238036 | K9: 0.90513949 | L9: 0.70029366 | M9: 0.23004445 | N9: 0.64662748 | O9: 0.73405565 | P9: 0.78495606 | Q9: 0.51484803 | R9: 0.79770611 | S9: 0.55857108 | T9: 0.040748802 | U9: 0.30490997 | V9: 0.6389521 | W9: 0.67238182 | X9: 0.67510284 | Y9: 25.62741 | Z9: 25.26247 | AA9: 28.145969 | AB9: 29.207885 | AC9: 1.7020355 | AD9: 0.061994299 | AE9: 0.0057403744 | AF9: 24.899295 | AG9: 25.619748 | AH9: 39.020721 | AI9: 941561856 | AJ9: 1000341504 | AK9: 65423652 | AL9: 3 | AM9: 600 | AN9: artifacts/experiments/M02/front/model.engine | AO9: results/coco-evaluation/M02-front.json | AP9: ["results/benchmarks/notebook-controlled/20260904_104755/M02/repeat-01/front_tensorrt_fp16_20260904_105137.json", "results/benchmarks/notebook-controlled/20260904_104755/M02/repeat-02/front_tensorrt_fp16_20260904_105151.json", "results/benchmarks/notebook-controlled/20260904_104755/M02/repeat-03/front_tensorrt_fp16_20260904_105205.json"] | AQ9: 437 | AR9: 87258 | AS9: 808767d244919a7d37ca5e2509f2480b945e36ea5e8b44fb6f61c2871fc0d5c2 | AT9: 037949731e462ecb42feb6e61b61fbca555dfe2a3d381464ad36a17b0a7ff9b9 | AU9: ["results/benchmarks/notebook-controlled/20260904_104755/M02/repeat-01/front_tensorrt_fp16_20260904_105137.json", "results/benchmarks/notebook-controlled/20260904_104755/M02/repeat-02/front_tensorrt_fp16_20260904_105151.json", "results/benchmarks/notebook-controlled/20260904_104755/M02/repeat-03/front_tensorrt_fp16_20260904_105205.json"] | AV9: FALSE | AW9: 0 | AX9: FALSE | AY9: [{"round": 1, "benchmarks": ["results/benchmarks/notebook-controlled/20260904_104755/M02/repeat-01/front_tensorrt_fp16_20260904_105137.json", "results/benchmarks/notebook-controlled/20260904_104755/M02/repeat-02/front_tensorrt_fp16_20260904_105151.json", "results/benchmarks/notebook-controlled/20260904_104755/M02/repeat-03/front_tensorrt_fp16_20260904_105205.json"], "aggregate": {"benchmark_repetitions": 3, "measured_runs_per_repetition": 200, "total_measured_runs": 600, "replicate_median_ms": [25.14567700200132, 25.21012199940742, 25.422765498660738], "replicate_mean_ms": [25.743770000008226, 25.47602516027837, 25.662433544785017], "replicate_median_mean_ms": 25.25952150002316, "replicate_median_std_ms": 0.14499910944918673, "replicate_median_cv": 0.005740374355430834, "replicate_median_ci95_low_ms": 24.89929467224574, "replicate_median_ci95_high_ms": 25.619748327800576, "mean_ms": 25.627409568357205, "median_ms": 25.26247049900121, "standard_deviation_ms": 1.5887532945822038, "coefficient_of_variation": 0.061994299125100676, "min_ms": 23.210936000396032, "max_ms": 40.46235499845352, "p05_ms": 23.92078685297747, "p25_ms": 24.66518025175901, "p75_ms": 26.367215750724426, "p95_ms": 28.145969146498825, "p99_ms": 29.207884659335832, "iqr_ms": 1.7020354989654152, "fps": 39.020721049962255, "gpu_peak_allocated_bytes": 941561856, "gpu_peak_reserved_bytes": 1000341504}, "official": true}]
A10: S01 | B10: structured | C10: decoder-layer | D10: fp32 | E10: 1x3x504x504 | F10: 통과 | H10: 완료 | J10: 0.73899927 | K10: 0.9339003 | L10: 0.79073244 | M10: 0.28278597 | N10: 0.56241361 | O10: 0.84483168 | P10: 0.87360582 | Q10: 0.60223001 | R10: 0.84376734 | S10: 0.65914725 | T10: 0.055606099 | U10: 0.45515441 | V10: 0.71089764 | W10: 0.73131768 | X10: 0.73389948 | Y10: 44.677144 | Z10: 44.509862 | AA10: 46.953992 | AB10: 47.977664 | AC10: 1.9196855 | AD10: 0.02909475 | AE10: 0.011642105 | AF10: 43.25049 | AG10: 45.826868 | AH10: 22.382809 | AI10: 941561856 | AJ10: 1000341504 | AK10: 129241676 | AL10: 3 | AM10: 600 | AN10: artifacts/experiments/S01/front/model.engine | AO10: results/coco-evaluation/S01-front.json | AP10: ["results/benchmarks/notebook-controlled/20260904_104755/S01/repeat-01/front_tensorrt_fp32_20260904_105223.json", "results/benchmarks/notebook-controlled/20260904_104755/S01/repeat-02/front_tensorrt_fp32_20260904_105241.json", "results/benchmarks/notebook-controlled/20260904_104755/S01/repeat-03/front_tensorrt_fp32_20260904_105259.json"] | AQ10: 437 | AR10: 87120 | AS10: 1657f1292a20ef0ad02f1c733c8e8056038a6d6de5bed2e6d75eb385142cbb90 | AT10: 037949731e462ecb42feb6e61b61fbca555dfe2a3d381464ad36a17b0a7ff9b9 | AU10: ["results/benchmarks/notebook-controlled/20260904_104755/S01/repeat-01/front_tensorrt_fp32_20260904_105223.json", "results/benchmarks/notebook-controlled/20260904_104755/S01/repeat-02/front_tensorrt_fp32_20260904_105241.json", "results/benchmarks/notebook-controlled/20260904_104755/S01/repeat-03/front_tensorrt_fp32_20260904_105259.json"] | AV10: FALSE | AW10: 0 | AX10: FALSE | AY10: [{"round": 1, "benchmarks": ["results/benchmarks/notebook-controlled/20260904_104755/S01/repeat-01/front_tensorrt_fp32_20260904_105223.json", "results/benchmarks/notebook-controlled/20260904_104755/S01/repeat-02/front_tensorrt_fp32_20260904_105241.json", "results/benchmarks/notebook-controlled/20260904_104755/S01/repeat-03/front_tensorrt_fp32_20260904_105259.json"], "aggregate": {"benchmark_repetitions": 3, "measured_runs_per_repetition": 200, "total_measured_runs": 600, "replicate_median_ms": [44.887716496305075, 44.785463502194034, 43.942856496869354], "replicate_mean_ms": [44.94487110005139, 44.91223885968793, 44.17432209447725], "replicate_median_mean_ms": 44.53867883178949, "replicate_median_std_ms": 0.5185239722456698, "replicate_median_cv": 0.011642104926461654, "replicate_median_ci95_low_ms": 43.25048991560818, "replicate_median_ci95_high_ms": 45.8268677479708, "mean_ms": 44.67714401807219, "median_ms": 44.509862000268186, "standard_deviation_ms": 1.299870323100578, "coefficient_of_variation": 0.029094749713069665, "min_ms": 42.054261997691356, "max_ms": 48.99946499790531, "p05_ms": 42.835195003135595, "p25_ms": 43.685598249794566, "p75_ms": 45.60528374895512, "p95_ms": 46.95399169904703, "p99_ms": 47.97766403615241, "iqr_ms": 1.9196854991605505, "fps": 22.38280942030434, "gpu_peak_allocated_bytes": 941561856, "gpu_peak_reserved_bytes": 1000341504}, "official": true}]
A11: S02 | B11: structured | C11: decoder-layer | D11: fp32 | E11: 1x3x504x504 | F11: 통과 | H11: 완료 | J11: 0.71612133 | K11: 0.92452324 | L11: 0.77508703 | M11: 0.30498342 | N11: 0.63020013 | O11: 0.82107551 | P11: 0.87556548 | Q11: 0.58504198 | R11: 0.82465115 | S11: 0.63859494 | T11: 0.050396645 | U11: 0.44880398 | V11: 0.70597976 | W11: 0.72410241 | X11: 0.75312865 | Y11: 43.109538 | Z11: 42.957116 | AA11: 45.106497 | AB11: 45.978702 | AC11: 1.0655317 | AD11: 0.022827765 | AE11: 0.0055514941 | AF11: 42.34599 | AG11: 43.530379 | AH11: 23.196722 | AI11: 941561856 | AJ11: 1000341504 | AK11: 122879868 | AL11: 3 | AM11: 600 | AN11: artifacts/experiments/S02/front/model.engine | AO11: results/coco-evaluation/S02-front.json | AP11: ["results/benchmarks/notebook-controlled/20260904_104755/S02/repeat-01/front_tensorrt_fp32_20260904_105316.json", "results/benchmarks/notebook-controlled/20260904_104755/S02/repeat-02/front_tensorrt_fp32_20260904_105334.json", "results/benchmarks/notebook-controlled/20260904_104755/S02/repeat-03/front_tensorrt_fp32_20260904_105352.json"] | AQ11: 437 | AR11: 85836 | AS11: a5a26d9f974c0e14adc550ab7644919652b2b08025f2b335d3af05e7c220902d | AT11: 037949731e462ecb42feb6e61b61fbca555dfe2a3d381464ad36a17b0a7ff9b9 | AU11: ["results/benchmarks/notebook-controlled/20260904_104755/S02/repeat-01/front_tensorrt_fp32_20260904_105316.json", "results/benchmarks/notebook-controlled/20260904_104755/S02/repeat-02/front_tensorrt_fp32_20260904_105334.json", "results/benchmarks/notebook-controlled/20260904_104755/S02/repeat-03/front_tensorrt_fp32_20260904_105352.json"] | AV11: FALSE | AW11: 0 | AX11: FALSE | AY11: [{"round": 1, "benchmarks": ["results/benchmarks/notebook-controlled/20260904_104755/S02/repeat-01/front_tensorrt_fp32_20260904_105316.json", "results/benchmarks/notebook-controlled/20260904_104755/S02/repeat-02/front_tensorrt_fp32_20260904_105334.json", "results/benchmarks/notebook-controlled/20260904_104755/S02/repeat-03/front_tensorrt_fp32_20260904_105352.json"], "aggregate": {"benchmark_repetitions": 3, "measured_runs_per_repetition": 200, "total_measured_runs": 600, "replicate_median_ms": [42.77670200099237, 43.21196299861185, 42.82588899877737], "replicate_mean_ms": [43.038969919907686, 43.425512820103904, 42.86413266509044], "replicate_median_mean_ms": 42.9381846661272, "replicate_median_std_ms": 0.23837107981324704, "replicate_median_cv": 0.005551494122696149, "replicate_median_ci95_low_ms": 42.345990284787945, "replicate_median_ci95_high_ms": 43.530379047466454, "mean_ms": 43.10953846836734, "median_ms": 42.95711550003034, "standard_deviation_ms": 0.9840944162029024, "coefficient_of_variation": 0.022827765064685285, "min_ms": 40.98106099991128, "max_ms": 46.70429600082571, "p05_ms": 41.72241199739801, "p25_ms": 42.4860395014548, "p75_ms": 43.551571248826804, "p95_ms": 45.106496605149005, "p99_ms": 45.978701640851796, "iqr_ms": 1.065531747372006, "fps": 23.196722477875145, "gpu_peak_allocated_bytes": 941561856, "gpu_peak_reserved_bytes": 1000341504}, "official": true}]
A12: S03 | B12: structured | C12: ffn-dimension | D12: fp32 | E12: 1x3x504x504 | F12: 불통 | G12: ONNX 크기·node·dense MACs 중 어느 항목도 사전 고정 5% 감소 기준을 충족하지 못함 | H12: 대기 | AV12: FALSE | AW12: 0 | AX12: FALSE
A13: S04 | B13: structured | C13: ffn-dimension | D13: fp32 | E13: 1x3x504x504 | F13: 통과 | H13: 완료 | J13: 0.51805164 | K13: 0.85895357 | L13: 0.58459714 | M13: 0.16141184 | N13: 0.37367497 | O13: 0.58421797 | P13: 0.72048251 | Q13: 0.52135 | R13: 0.79650539 | S13: 0.55469888 | T13: 0.043461002 | U13: 0.34367292 | V13: 0.62493594 | W13: 0.71266109 | X13: 0.64755762 | Y13: 45.889984 | Z13: 45.768655 | AA13: 48.07663 | AB13: 48.893656 | AC13: 1.6223143 | AD13: 0.025502928 | AE13: 0.0057996725 | AF13: 45.099383 | AG13: 46.417997 | AH13: 21.791248 | AI13: 941561856 | AJ13: 1000341504 | AK13: 127079372 | AL13: 3 | AM13: 600 | AN13: artifacts/experiments/S04/front/model.engine | AO13: results/coco-evaluation/S04-front.json | AP13: ["results/benchmarks/notebook-controlled/20260904_104755/S04/repeat-01/front_tensorrt_fp32_20260904_105410.json", "results/benchmarks/notebook-controlled/20260904_104755/S04/repeat-02/front_tensorrt_fp32_20260904_105428.json", "results/benchmarks/notebook-controlled/20260904_104755/S04/repeat-03/front_tensorrt_fp32_20260904_105446.json"] | AQ13: 437 | AR13: 83756 | AS13: 0be2db8272e6055f37e30e3b3a809704ffccf615e40e8c5ad0726370bb089c04 | AT13: 037949731e462ecb42feb6e61b61fbca555dfe2a3d381464ad36a17b0a7ff9b9 | AU13: ["results/benchmarks/notebook-controlled/20260904_104755/S04/repeat-01/front_tensorrt_fp32_20260904_105410.json", "results/benchmarks/notebook-controlled/20260904_104755/S04/repeat-02/front_tensorrt_fp32_20260904_105428.json", "results/benchmarks/notebook-controlled/20260904_104755/S04/repeat-03/front_tensorrt_fp32_20260904_105446.json"] | AV13: FALSE | AW13: 0 | AX13: FALSE | AY13: [{"round": 1, "benchmarks": ["results/benchmarks/notebook-controlled/20260904_104755/S04/repeat-01/front_tensorrt_fp32_20260904_105410.json", "results/benchmarks/notebook-controlled/20260904_104755/S04/repeat-02/front_tensorrt_fp32_20260904_105428.json", "results/benchmarks/notebook-controlled/20260904_104755/S04/repeat-03/front_tensorrt_fp32_20260904_105446.json"], "aggregate": {"benchmark_repetitions": 3, "measured_runs_per_repetition": 200, "total_measured_runs": 600, "replicate_median_ms": [46.064877500612056, 45.616389495990006, 45.5948039998475], "replicate_mean_ms": [46.13614516980306, 45.72785710995959, 45.8059498050352], "replicate_median_mean_ms": 45.758690332149854, "replicate_median_std_ms": 0.26538541785317665, "replicate_median_cv": 0.005799672497766354, "replicate_median_ci95_low_ms": 45.099383198645455, "replicate_median_ci95_high_ms": 46.41799746565425, "mean_ms": 45.88998402826595, "median_ms": 45.76865499984706, "standard_deviation_ms": 1.17032895773334, "coefficient_of_variation": 0.025502927981244785, "min_ms": 43.30192100314889, "max_ms": 49.49725999904331, "p05_ms": 44.24601095051912, "p25_ms": 44.998984749327064, "p75_ms": 46.621299004982575, "p95_ms": 48.07662969978992, "p99_ms": 48.893655821011635, "iqr_ms": 1.6223142556555104, "fps": 21.791247505862056, "gpu_peak_allocated_bytes": 941561856, "gpu_peak_reserved_bytes": 1000341504}, "official": true}]
A14: C01 | B14: combined | C14: structured-selected | D14: fp16 | E14: 1x3x504x504 | F14: 통과 | H14: 완료 | J14: 0.7385979 | K14: 0.93594106 | L14: 0.79249168 | M14: 0.27793136 | N14: 0.55671151 | O14: 0.84176603 | P14: 0.87522966 | Q14: 0.60291193 | R14: 0.84149258 | S14: 0.65624343 | T14: 0.055714564 | U14: 0.44831251 | V14: 0.71328817 | W14: 0.73357226 | X14: 0.73668954 | Y14: 25.554921 | Z14: 25.29961 | AA14: 27.511682 | AB14: 28.201303 | AC14: 1.7426035 | AD14: 0.043754441 | AE14: 0.029110828 | AF14: 23.598337 | AG14: 27.277753 | AH14: 39.131406 | AI14: 941561856 | AJ14: 1000341504 | AK14: 67873396 | AL14: 3 | AM14: 600 | AN14: artifacts/experiments/C01/front/model.engine | AO14: results/coco-evaluation/C01-front.json | AP14: ["results/benchmarks/notebook-controlled/20260904_104755/C01/repeat-01/front_tensorrt_fp16_20260904_105500.json", "results/benchmarks/notebook-controlled/20260904_104755/C01/repeat-02/front_tensorrt_fp16_20260904_105514.json", "results/benchmarks/notebook-controlled/20260904_104755/C01/repeat-03/front_tensorrt_fp16_20260904_105528.json"] | AQ14: 437 | AR14: 87115 | AS14: bfbcd85bff8b8eb57c2be2368c5cba41aebe25c9892603894a59fc184ff035f6 | AT14: 037949731e462ecb42feb6e61b61fbca555dfe2a3d381464ad36a17b0a7ff9b9 | AU14: ["results/benchmarks/notebook-controlled/20260904_104755/C01/repeat-01/front_tensorrt_fp16_20260904_105500.json", "results/benchmarks/notebook-controlled/20260904_104755/C01/repeat-02/front_tensorrt_fp16_20260904_105514.json", "results/benchmarks/notebook-controlled/20260904_104755/C01/repeat-03/front_tensorrt_fp16_20260904_105528.json"] | AV14: FALSE | AW14: 0 | AX14: FALSE | AY14: [{"round": 1, "benchmarks": ["results/benchmarks/notebook-controlled/20260904_104755/C01/repeat-01/front_tensorrt_fp16_20260904_105500.json", "results/benchmarks/notebook-controlled/20260904_104755/C01/repeat-02/front_tensorrt_fp16_20260904_105514.json", "results/benchmarks/notebook-controlled/20260904_104755/C01/repeat-03/front_tensorrt_fp16_20260904_105528.json"], "aggregate": {"benchmark_repetitions": 3, "measured_runs_per_repetition": 200, "total_measured_runs": 600, "replicate_median_ms": [25.126939501205925, 24.903826997615397, 26.283368501026416], "replicate_mean_ms": [25.403895925119286, 25.07744679973257, 26.183420429952093], "replicate_median_mean_ms": 25.438044999949245, "replicate_median_std_ms": 0.7405225610470161, "replicate_median_cv": 0.029110828330105306, "replicate_median_ci95_low_ms": 23.59833650741497, "replicate_median_ci95_high_ms": 27.27775349248352, "mean_ms": 25.554921051601315, "median_ms": 25.29960950050736, "standard_deviation_ms": 1.1181412929326209, "coefficient_of_variation": 0.04375444129429452, "min_ms": 23.53737199882744, "max_ms": 30.649074004031718, "p05_ms": 24.09362330181466, "p25_ms": 24.682271001438494, "p75_ms": 26.424874498843565, "p95_ms": 27.511681694886644, "p99_ms": 28.20130314830749, "iqr_ms": 1.7426034974050708, "fps": 39.13140635342868, "gpu_peak_allocated_bytes": 941561856, "gpu_peak_reserved_bytes": 1000341504}, "official": true}]
A15: C02 | B15: combined | C15: structured-selected | D15: int8 | E15: 1x3x504x504 | F15: 통과 | H15: 완료 | J15: 0.74008636 | K15: 0.93562937 | L15: 0.79462468 | M15: 0.28070259 | N15: 0.56672462 | O15: 0.84203029 | P15: 0.87501649 | Q15: 0.6023426 | R15: 0.84365199 | S15: 0.65402347 | T15: 0.054740426 | U15: 0.45577144 | V15: 0.70876026 | W15: 0.73419945 | X15: 0.74121123 | Y15: 26.001112 | Z15: 26.182796 | AA15: 27.425262 | AB15: 27.946538 | AC15: 1.3991685 | AD15: 0.038013553 | AE15: 0.0084948439 | AF15: 25.581456 | AG15: 26.68448 | AH15: 38.459894 | AI15: 941561856 | AJ15: 1000341504 | AK15: 67959596 | AL15: 3 | AM15: 600 | AN15: artifacts/experiments/C02/front/model.engine | AO15: results/coco-evaluation/C02-front.json | AP15: ["results/benchmarks/notebook-controlled/20260904_104755/C02/repeat-01/front_tensorrt_int8_20260904_105542.json", "results/benchmarks/notebook-controlled/20260904_104755/C02/repeat-02/front_tensorrt_int8_20260904_105556.json", "results/benchmarks/notebook-controlled/20260904_104755/C02/repeat-03/front_tensorrt_int8_20260904_105610.json"] | AQ15: 437 | AR15: 87107 | AS15: 828a0f74ef4b9629f999a99c3c955e97d69cc52306bf44aeea69f7f8d128c6e3 | AT15: 037949731e462ecb42feb6e61b61fbca555dfe2a3d381464ad36a17b0a7ff9b9 | AU15: ["results/benchmarks/notebook-controlled/20260904_104755/C02/repeat-01/front_tensorrt_int8_20260904_105542.json", "results/benchmarks/notebook-controlled/20260904_104755/C02/repeat-02/front_tensorrt_int8_20260904_105556.json", "results/benchmarks/notebook-controlled/20260904_104755/C02/repeat-03/front_tensorrt_int8_20260904_105610.json"] | AV15: FALSE | AW15: 0 | AX15: FALSE | AY15: [{"round": 1, "benchmarks": ["results/benchmarks/notebook-controlled/20260904_104755/C02/repeat-01/front_tensorrt_int8_20260904_105542.json", "results/benchmarks/notebook-controlled/20260904_104755/C02/repeat-02/front_tensorrt_int8_20260904_105556.json", "results/benchmarks/notebook-controlled/20260904_104755/C02/repeat-03/front_tensorrt_int8_20260904_105610.json"], "aggregate": {"benchmark_repetitions": 3, "measured_runs_per_repetition": 200, "total_measured_runs": 600, "replicate_median_ms": [26.37079200212611, 26.096891997440252, 25.931219999620225], "replicate_mean_ms": [26.136388615232136, 25.966977779717126, 25.89996900955157], "replicate_median_mean_ms": 26.132967999728862, "replicate_median_std_ms": 0.22199548374371034, "replicate_median_cv": 0.008494843897792766, "replicate_median_ci95_low_ms": 25.581456137389225, "replicate_median_ci95_high_ms": 26.6844798620685, "mean_ms": 26.001111801500276, "median_ms": 26.182795998465735, "standard_deviation_ms": 0.9883946343311655, "coefficient_of_variation": 0.03801355272331603, "min_ms": 23.30352699937066, "max_ms": 28.45742699719267, "p05_ms": 24.24414754859754, "p25_ms": 25.30518849926011, "p75_ms": 26.70435699656082, "p95_ms": 27.425261502867215, "p99_ms": 27.946537816678756, "iqr_ms": 1.3991684973007068, "fps": 38.4598938550889, "gpu_peak_allocated_bytes": 941561856, "gpu_peak_reserved_bytes": 1000341504}, "official": true}]
A16: C03 | B16: combined | C16: structured-resolution | D16: fp32 | E16: 1x3x432x432 | F16: 통과 | H16: 완료 | J16: 0.73188194 | K16: 0.93222023 | L16: 0.79208795 | M16: 0.26436114 | N16: 0.59308767 | O16: 0.84334965 | P16: 0.8670514 | Q16: 0.59399273 | R16: 0.83894636 | S16: 0.65198455 | T16: 0.044845135 | U16: 0.46374766 | V16: 0.7018798 | W16: 0.71774164 | X16: 0.73530641 | Y16: 36.208961 | Z16: 36.296055 | AA16: 37.833982 | AB16: 38.435298 | AC16: 1.5360317 | AD16: 0.030690624 | AE16: 0.0048770809 | AF16: 35.864611 | AG16: 36.744365 | AH16: 27.617473 | AI16: 936573952 | AJ16: 977272832 | AK16: 128549228 | AL16: 3 | AM16: 600 | AN16: artifacts/experiments/C03/front/model.engine | AO16: results/coco-evaluation/C03-front.json | AP16: ["results/benchmarks/notebook-controlled/20260904_104755/C03/repeat-01/front_tensorrt_fp32_20260904_105626.json", "results/benchmarks/notebook-controlled/20260904_104755/C03/repeat-02/front_tensorrt_fp32_20260904_105642.json", "results/benchmarks/notebook-controlled/20260904_104755/C03/repeat-03/front_tensorrt_fp32_20260904_105658.json"] | AQ16: 437 | AR16: 87063 | AS16: 633b6f87ea21ef96eace52901791958a66b13f87022fc86b1e4d4873afdb3ecf | AT16: 037949731e462ecb42feb6e61b61fbca555dfe2a3d381464ad36a17b0a7ff9b9 | AU16: ["results/benchmarks/notebook-controlled/20260904_104755/C03/repeat-01/front_tensorrt_fp32_20260904_105626.json", "results/benchmarks/notebook-controlled/20260904_104755/C03/repeat-02/front_tensorrt_fp32_20260904_105642.json", "results/benchmarks/notebook-controlled/20260904_104755/C03/repeat-03/front_tensorrt_fp32_20260904_105658.json"] | AV16: FALSE | AW16: 0 | AX16: FALSE | AY16: [{"round": 1, "benchmarks": ["results/benchmarks/notebook-controlled/20260904_104755/C03/repeat-01/front_tensorrt_fp32_20260904_105626.json", "results/benchmarks/notebook-controlled/20260904_104755/C03/repeat-02/front_tensorrt_fp32_20260904_105642.json", "results/benchmarks/notebook-controlled/20260904_104755/C03/repeat-03/front_tensorrt_fp32_20260904_105658.json"], "aggregate": {"benchmark_repetitions": 3, "measured_runs_per_repetition": 200, "total_measured_runs": 600, "replicate_median_ms": [36.10285100148758, 36.376029001985444, 36.43458350052242], "replicate_mean_ms": [36.078320195192646, 36.23329845006083, 36.31526332505018], "replicate_median_mean_ms": 36.304487834665146, "replicate_median_std_ms": 0.17705992402330442, "replicate_median_cv": 0.00487708089505782, "replicate_median_ci95_low_ms": 35.86461110025129, "replicate_median_ci95_high_ms": 36.744364569079, "mean_ms": 36.208960656767886, "median_ms": 36.29605549576809, "standard_deviation_ms": 1.1112755853658471, "coefficient_of_variation": 0.030690623680139698, "min_ms": 33.22450899577234, "max_ms": 39.55846199824009, "p05_ms": 34.21704210122698, "p25_ms": 35.46080725027423, "p75_ms": 36.99683899867523, "p95_ms": 37.83398185187252, "p99_ms": 38.435297518444706, "iqr_ms": 1.536031748401001, "fps": 27.617473185137893, "gpu_peak_allocated_bytes": 936573952, "gpu_peak_reserved_bytes": 977272832}, "official": true}]
A17: C04 | B17: combined | C17: structured-resolution | D17: fp32 | E17: 1x3x480x480 | F17: 통과 | H17: 완료 | J17: 0.73104154 | K17: 0.93647209 | L17: 0.78319446 | M17: 0.27018859 | N17: 0.47927881 | O17: 0.84405154 | P17: 0.87169048 | Q17: 0.59960567 | R17: 0.84427601 | S17: 0.64571835 | T17: 0.043581685 | U17: 0.37218581 | V17: 0.70641035 | W17: 0.72764179 | X17: 0.72817834 | Y17: 41.760352 | Z17: 41.973261 | AA17: 43.175509 | AB17: 43.628503 | AC17: 1.3155025 | AD17: 0.023762424 | AE17: 0.0025527561 | AF17: 41.689412 | AG17: 42.221568 | AH17: 23.946158 | AI17: 939813376 | AJ17: 981467136 | AK17: 128969140 | AL17: 3 | AM17: 600 | AN17: artifacts/experiments/C04/front/model.engine | AO17: results/coco-evaluation/C04-front.json | AP17: ["results/benchmarks/notebook-controlled/20260904_104755/C04/repeat-01/front_tensorrt_fp32_20260904_105715.json", "results/benchmarks/notebook-controlled/20260904_104755/C04/repeat-02/front_tensorrt_fp32_20260904_105733.json", "results/benchmarks/notebook-controlled/20260904_104755/C04/repeat-03/front_tensorrt_fp32_20260904_105750.json"] | AQ17: 437 | AR17: 87129 | AS17: 14de81813ff71cac78d0d349431099c5119905068ce3f85da70404280a86a551 | AT17: 037949731e462ecb42feb6e61b61fbca555dfe2a3d381464ad36a17b0a7ff9b9 | AU17: ["results/benchmarks/notebook-controlled/20260904_104755/C04/repeat-01/front_tensorrt_fp32_20260904_105715.json", "results/benchmarks/notebook-controlled/20260904_104755/C04/repeat-02/front_tensorrt_fp32_20260904_105733.json", "results/benchmarks/notebook-controlled/20260904_104755/C04/repeat-03/front_tensorrt_fp32_20260904_105750.json"] | AV17: FALSE | AW17: 0 | AX17: FALSE | AY17: [{"round": 1, "benchmarks": ["results/benchmarks/notebook-controlled/20260904_104755/C04/repeat-01/front_tensorrt_fp32_20260904_105715.json", "results/benchmarks/notebook-controlled/20260904_104755/C04/repeat-02/front_tensorrt_fp32_20260904_105733.json", "results/benchmarks/notebook-controlled/20260904_104755/C04/repeat-03/front_tensorrt_fp32_20260904_105750.json"], "aggregate": {"benchmark_repetitions": 3, "measured_runs_per_repetition": 200, "total_measured_runs": 600, "replicate_median_ms": [42.05381450083223, 41.9712895018165, 41.8413654952019], "replicate_mean_ms": [41.932456035101495, 41.67228156456986, 41.67631771986635], "replicate_median_mean_ms": 41.95548983261688, "replicate_median_std_ms": 0.10710213423850365, "replicate_median_cv": 0.0025527561390843475, "replicate_median_ci95_low_ms": 41.68941190833523, "replicate_median_ci95_high_ms": 42.22156775689852, "mean_ms": 41.76035177317923, "median_ms": 41.97326050052652, "standard_deviation_ms": 0.9923271832611434, "coefficient_of_variation": 0.023762423953010616, "min_ms": 38.95193499920424, "max_ms": 44.69248000532389, "p05_ms": 39.830163451551925, "p25_ms": 41.14152350302902, "p75_ms": 42.457026000192855, "p95_ms": 43.17550875166489, "p99_ms": 43.628503036961774, "iqr_ms": 1.315502497163834, "fps": 23.94615843830737, "gpu_peak_allocated_bytes": 939813376, "gpu_peak_reserved_bytes": 981467136}, "official": true}]
A18: R01 | B18: input | C18: input-resolution | D18: fp16 | E18: 1x3x432x432 | F18: 통과 | H18: 완료 | J18: 0.72879848 | K18: 0.92463003 | L18: 0.78037428 | M18: 0.27496726 | N18: 0.53420588 | O18: 0.84300686 | P18: 0.86792373 | Q18: 0.5941088 | R18: 0.83268645 | S18: 0.6361196 | T18: 0.046705593 | U18: 0.52569503 | V18: 0.7109113 | W18: 0.71422209 | X18: 0.70343888 | Y18: 24.105135 | Z18: 24.010296 | AA18: 25.820945 | AB18: 26.43698 | AC18: 1.9596793 | AD18: 0.046791008 | AE18: 0.038248698 | AF18: 21.728277 | AG18: 26.291219 | AH18: 41.484937 | AI18: 936573952 | AJ18: 977272832 | AK18: 71359388 | AL18: 3 | AM18: 600 | AN18: artifacts/experiments/R01/front/model.engine | AO18: results/coco-evaluation/R01-front.json | AP18: ["results/benchmarks/notebook-controlled/20260904_104755/R01/repeat-01/front_tensorrt_fp16_20260904_105803.json", "results/benchmarks/notebook-controlled/20260904_104755/R01/repeat-02/front_tensorrt_fp16_20260904_105817.json", "results/benchmarks/notebook-controlled/20260904_104755/R01/repeat-03/front_tensorrt_fp16_20260904_105830.json"] | AQ18: 437 | AR18: 86457 | AS18: 9c4cef49331dc94581f92ff10a141a5619caaf3c71aa708c24bfc0a39311efda | AT18: 037949731e462ecb42feb6e61b61fbca555dfe2a3d381464ad36a17b0a7ff9b9 | AU18: ["results/benchmarks/notebook-controlled/20260904_104755/R01/repeat-01/front_tensorrt_fp16_20260904_105803.json", "results/benchmarks/notebook-controlled/20260904_104755/R01/repeat-02/front_tensorrt_fp16_20260904_105817.json", "results/benchmarks/notebook-controlled/20260904_104755/R01/repeat-03/front_tensorrt_fp16_20260904_105830.json"] | AV18: FALSE | AW18: 0 | AX18: FALSE | AY18: [{"round": 1, "benchmarks": ["results/benchmarks/notebook-controlled/20260904_104755/R01/repeat-01/front_tensorrt_fp16_20260904_105803.json", "results/benchmarks/notebook-controlled/20260904_104755/R01/repeat-02/front_tensorrt_fp16_20260904_105817.json", "results/benchmarks/notebook-controlled/20260904_104755/R01/repeat-03/front_tensorrt_fp16_20260904_105830.json"], "aggregate": {"benchmark_repetitions": 3, "measured_runs_per_repetition": 200, "total_measured_runs": 600, "replicate_median_ms": [23.208815502584912, 25.012070997036062, 23.808357000234537], "replicate_mean_ms": [23.409623375155206, 24.883610060423962, 24.0221716951055], "replicate_median_mean_ms": 24.00974783328517, "replicate_median_std_ms": 0.9183416005467065, "replicate_median_cv": 0.03824869827552258, "replicate_median_ci95_low_ms": 21.728276706754528, "replicate_median_ci95_high_ms": 26.291218959815815, "mean_ms": 24.105135043561557, "median_ms": 24.010295503103407, "standard_deviation_ms": 1.1279035651392872, "coefficient_of_variation": 0.046791007936732076, "min_ms": 21.792273000755813, "max_ms": 26.894788999925368, "p05_ms": 22.4953793505847, "p25_ms": 23.13907899770129, "p75_ms": 25.098758251260733, "p95_ms": 25.820945401574136, "p99_ms": 26.436979941063328, "iqr_ms": 1.9596792535594432, "fps": 41.484936640796725, "gpu_peak_allocated_bytes": 936573952, "gpu_peak_reserved_bytes": 977272832}, "official": true}]
A19: R02 | B19: input | C19: input-resolution | D19: fp32 | E19: 1x3x480x480 | F19: 통과 | H19: 완료 | J19: 0.73297313 | K19: 0.92523759 | L19: 0.77896569 | M19: 0.27543083 | N19: 0.51638202 | O19: 0.84479471 | P19: 0.87819664 | Q19: 0.59972689 | R19: 0.84129617 | S19: 0.6382844 | T19: 0.050045714 | U19: 0.3898645 | V19: 0.70859361 | W19: 0.72718339 | X19: 0.71075491 | Y19: 42.840242 | Z19: 42.962943 | AA19: 44.720605 | AB19: 45.705335 | AC19: 1.8500425 | AD19: 0.030021731 | AE19: 0.012593398 | AF19: 41.474829 | AG19: 44.15383 | AH19: 23.342539 | AI19: 939813376 | AJ19: 981467136 | AK19: 135359412 | AL19: 3 | AM19: 600 | AN19: artifacts/experiments/R02/front/model.engine | AO19: results/coco-evaluation/R02-front.json | AP19: ["results/benchmarks/notebook-controlled/20260904_104755/R02/repeat-01/front_tensorrt_fp32_20260904_105848.json", "results/benchmarks/notebook-controlled/20260904_104755/R02/repeat-02/front_tensorrt_fp32_20260904_105905.json", "results/benchmarks/notebook-controlled/20260904_104755/R02/repeat-03/front_tensorrt_fp32_20260904_105924.json"] | AQ19: 437 | AR19: 86477 | AS19: ff5c45209c42a5a49a130e6694eed0af947c9d7c2a667ebf5d4b0a2b56cd2a31 | AT19: 037949731e462ecb42feb6e61b61fbca555dfe2a3d381464ad36a17b0a7ff9b9 | AU19: ["results/benchmarks/notebook-controlled/20260904_104755/R02/repeat-01/front_tensorrt_fp32_20260904_105848.json", "results/benchmarks/notebook-controlled/20260904_104755/R02/repeat-02/front_tensorrt_fp32_20260904_105905.json", "results/benchmarks/notebook-controlled/20260904_104755/R02/repeat-03/front_tensorrt_fp32_20260904_105924.json"] | AV19: FALSE | AW19: 0 | AX19: FALSE | AY19: [{"round": 1, "benchmarks": ["results/benchmarks/notebook-controlled/20260904_104755/R02/repeat-01/front_tensorrt_fp32_20260904_105848.json", "results/benchmarks/notebook-controlled/20260904_104755/R02/repeat-02/front_tensorrt_fp32_20260904_105905.json", "results/benchmarks/notebook-controlled/20260904_104755/R02/repeat-03/front_tensorrt_fp32_20260904_105924.json"], "aggregate": {"benchmark_repetitions": 3, "measured_runs_per_repetition": 200, "total_measured_runs": 600, "replicate_median_ms": [43.12465450129821, 42.1917415005737, 43.12659249626449], "replicate_mean_ms": [43.07042928507144, 42.383735650073504, 43.066560674888024], "replicate_median_mean_ms": 42.8143294993788, "replicate_median_std_ms": 0.539177893786669, "replicate_median_cv": 0.01259339805367014, "replicate_median_ci95_low_ms": 41.47482925676148, "replicate_median_ci95_high_ms": 44.15382974199612, "mean_ms": 42.84024187001099, "median_ms": 42.96294300002046, "standard_deviation_ms": 1.2861382243507, "coefficient_of_variation": 0.030021731162330853, "min_ms": 39.765353001712356, "max_ms": 47.83193000184838, "p05_ms": 40.673409801820526, "p25_ms": 41.94262375312974, "p75_ms": 43.79266624709999, "p95_ms": 44.72060505286208, "p99_ms": 45.70533483325562, "iqr_ms": 1.8500424939702498, "fps": 23.342538612043167, "gpu_peak_allocated_bytes": 939813376, "gpu_peak_reserved_bytes": 981467136}, "official": true}]
A20: R03 | B20: input | C20: input-resolution | D20: fp32 | E20: 1x3x384x384 | F20: 통과 | H20: 완료 | J20: 0.72645641 | K20: 0.93295052 | L20: 0.76678196 | M20: 0.23783456 | N20: 0.54447076 | O20: 0.84602563 | P20: 0.86805852 | Q20: 0.58654093 | R20: 0.81565952 | S20: 0.63881967 | T20: 0.031683889 | U20: 0.34485719 | V20: 0.70257232 | W20: 0.70189516 | X20: 0.7281028 | Y20: 32.546984 | Z20: 32.38641 | AA20: 34.875149 | AB20: 36.249679 | AC20: 1.8300892 | AD20: 0.043626681 | AE20: 0.018478674 | AF20: 30.924736 | AG20: 33.900695 | AH20: 30.724813 | AI20: 933675520 | AJ20: 966787072 | AK20: 134476020 | AL20: 3 | AM20: 600 | AN20: artifacts/experiments/R03/front/model.engine | AO20: results/coco-evaluation/R03-front.json | AP20: ["results/benchmarks/notebook-controlled/20260904_104755/R03/repeat-01/front_tensorrt_fp32_20260904_105940.json", "results/benchmarks/notebook-controlled/20260904_104755/R03/repeat-02/front_tensorrt_fp32_20260904_105955.json", "results/benchmarks/notebook-controlled/20260904_104755/R03/repeat-03/front_tensorrt_fp32_20260904_110010.json"] | AQ20: 437 | AR20: 86546 | AS20: b3ee83810ee62c55ccc670247a85fa94eef62ebd249388dd51736a6f84407199 | AT20: 037949731e462ecb42feb6e61b61fbca555dfe2a3d381464ad36a17b0a7ff9b9 | AU20: ["results/benchmarks/notebook-controlled/20260904_104755/R03/repeat-01/front_tensorrt_fp32_20260904_105940.json", "results/benchmarks/notebook-controlled/20260904_104755/R03/repeat-02/front_tensorrt_fp32_20260904_105955.json", "results/benchmarks/notebook-controlled/20260904_104755/R03/repeat-03/front_tensorrt_fp32_20260904_110010.json"] | AV20: FALSE | AW20: 0 | AX20: FALSE | AY20: [{"round": 1, "benchmarks": ["results/benchmarks/notebook-controlled/20260904_104755/R03/repeat-01/front_tensorrt_fp32_20260904_105940.json", "results/benchmarks/notebook-controlled/20260904_104755/R03/repeat-02/front_tensorrt_fp32_20260904_105955.json", "results/benchmarks/notebook-controlled/20260904_104755/R03/repeat-03/front_tensorrt_fp32_20260904_110010.json"], "aggregate": {"benchmark_repetitions": 3, "measured_runs_per_repetition": 200, "total_measured_runs": 600, "replicate_median_ms": [32.54655850105337, 32.933414997387445, 31.758172997797374], "replicate_mean_ms": [32.432675844938785, 33.18148440986988, 32.026792349533935], "replicate_median_mean_ms": 32.41271549874606, "replicate_median_std_ms": 0.5989439884914884, "replicate_median_cv": 0.018478673547566837, "replicate_median_ci95_low_ms": 30.92473606349131, "replicate_median_ci95_high_ms": 33.90069493400081, "mean_ms": 32.546984201447536, "median_ms": 32.38640950439731, "standard_deviation_ms": 1.4199168838885137, "coefficient_of_variation": 0.04362668058889962, "min_ms": 29.98398400086444, "max_ms": 41.25526300049387, "p05_ms": 30.67092479650455, "p25_ms": 31.504781503826962, "p75_ms": 33.33487075360608, "p95_ms": 34.875148851642734, "p99_ms": 36.249679074171574, "iqr_ms": 1.830089249779121, "fps": 30.724812898502734, "gpu_peak_allocated_bytes": 933675520, "gpu_peak_reserved_bytes": 966787072}, "official": true}]
A21: Q01 | B21: precision | C21: modelopt-int8-smoothquant | D21: int8 | E21: 1x3x504x504 | F21: 통과 | H21: 완료 | J21: 0.59315186 | K21: 0.81924579 | L21: 0.6744183 | M21: 0.043911346 | N21: 0.46790297 | O21: 0.75844833 | P21: 0.77088245 | Q21: 0.47432176 | R21: 0.68556335 | S21: 0.54520477 | T21: 0.002619724 | U21: 0.39739122 | V21: 0.53836242 | W21: 0.57725625 | X21: 0.65909655 | Y21: 25.416921 | Z21: 25.113972 | AA21: 27.84946 | AB21: 28.663698 | AC21: 1.3167165 | AD21: 0.046737362 | AE21: 0.010949709 | AF21: 24.424612 | AG21: 25.790606 | AH21: 39.343869 | AI21: 941561856 | AJ21: 1000341504 | AK21: 50137380 | AL21: 3 | AM21: 600 | AN21: artifacts/experiments/Q01/front/model.engine | AO21: results/coco-evaluation/Q01-front.json | AP21: ["results/benchmarks/notebook-controlled/20260904_104755/Q01/repeat-01/front_tensorrt_int8_20260904_110024.json", "results/benchmarks/notebook-controlled/20260904_104755/Q01/repeat-02/front_tensorrt_int8_20260904_110038.json", "results/benchmarks/notebook-controlled/20260904_104755/Q01/repeat-03/front_tensorrt_int8_20260904_110052.json"] | AQ21: 437 | AR21: 85921 | AS21: 482305be94d757175ea25f97c6f9c6823e4f524165d774c9e4fba8ca0a1157c2 | AT21: 037949731e462ecb42feb6e61b61fbca555dfe2a3d381464ad36a17b0a7ff9b9 | AU21: ["results/benchmarks/notebook-controlled/20260904_104755/Q01/repeat-01/front_tensorrt_int8_20260904_110024.json", "results/benchmarks/notebook-controlled/20260904_104755/Q01/repeat-02/front_tensorrt_int8_20260904_110038.json", "results/benchmarks/notebook-controlled/20260904_104755/Q01/repeat-03/front_tensorrt_int8_20260904_110052.json"] | AV21: FALSE | AW21: 0 | AX21: FALSE | AY21: [{"round": 1, "benchmarks": ["results/benchmarks/notebook-controlled/20260904_104755/Q01/repeat-01/front_tensorrt_int8_20260904_110024.json", "results/benchmarks/notebook-controlled/20260904_104755/Q01/repeat-02/front_tensorrt_int8_20260904_110038.json", "results/benchmarks/notebook-controlled/20260904_104755/Q01/repeat-03/front_tensorrt_int8_20260904_110052.json"], "aggregate": {"benchmark_repetitions": 3, "measured_runs_per_repetition": 200, "total_measured_runs": 600, "replicate_median_ms": [24.830207501508994, 25.11263899941696, 25.379980495927157], "replicate_mean_ms": [25.099404970314936, 25.526012699883722, 25.625345494736393], "replicate_median_mean_ms": 25.107608998951036, "replicate_median_std_ms": 0.27492101052192014, "replicate_median_cv": 0.010949708932196848, "replicate_median_ci95_low_ms": 24.424612228240672, "replicate_median_ci95_high_ms": 25.7906057696614, "mean_ms": 25.41692105497835, "median_ms": 25.113971998507623, "standard_deviation_ms": 1.187919829619974, "coefficient_of_variation": 0.046737361580910255, "min_ms": 23.49220400355989, "max_ms": 30.38223899784498, "p05_ms": 24.0032038440404, "p25_ms": 24.593713496869896, "p75_ms": 25.910429996656603, "p95_ms": 27.84945969469845, "p99_ms": 28.663697791853334, "iqr_ms": 1.3167164997867076, "fps": 39.343868513300215, "gpu_peak_allocated_bytes": 941561856, "gpu_peak_reserved_bytes": 1000341504}, "official": true}]
A22: Q02 | B22: precision | C22: modelopt-mixed-precision | D22: mixed | E22: 1x3x504x504 | F22: 통과 | H22: 완료 | J22: 0.59647515 | K22: 0.82578356 | L22: 0.66929361 | M22: 0.060998179 | N22: 0.43668754 | O22: 0.75366173 | P22: 0.77011495 | Q22: 0.48322281 | R22: 0.68976757 | S22: 0.57445001 | T22: 0.0021370481 | U22: 0.29434147 | V22: 0.54701803 | W22: 0.58141901 | X22: 0.65042712 | Y22: 25.43867 | Z22: 25.183494 | AA22: 27.596797 | AB22: 28.432948 | AC22: 1.560992 | AD22: 0.046080065 | AE22: 0.013184416 | AF22: 24.479508 | AG22: 26.137444 | AH22: 39.310232 | AI22: 941561856 | AJ22: 1000341504 | AK22: 45497556 | AL22: 3 | AM22: 600 | AN22: artifacts/experiments/Q02/front/model.engine | AO22: results/coco-evaluation/Q02-front.json | AP22: ["results/benchmarks/notebook-controlled/20260904_104755/Q02/repeat-01/front_tensorrt_mixed_20260904_110106.json", "results/benchmarks/notebook-controlled/20260904_104755/Q02/repeat-02/front_tensorrt_mixed_20260904_110119.json", "results/benchmarks/notebook-controlled/20260904_104755/Q02/repeat-03/front_tensorrt_mixed_20260904_110133.json"] | AQ22: 437 | AR22: 85786 | AS22: 3472001a47de73e1c88df401315f290d33010c10f0c218d10d96b0a29be8cf36 | AT22: 037949731e462ecb42feb6e61b61fbca555dfe2a3d381464ad36a17b0a7ff9b9 | AU22: ["results/benchmarks/notebook-controlled/20260904_104755/Q02/repeat-01/front_tensorrt_mixed_20260904_110106.json", "results/benchmarks/notebook-controlled/20260904_104755/Q02/repeat-02/front_tensorrt_mixed_20260904_110119.json", "results/benchmarks/notebook-controlled/20260904_104755/Q02/repeat-03/front_tensorrt_mixed_20260904_110133.json"] | AV22: FALSE | AW22: 0 | AX22: FALSE | AY22: [{"round": 1, "benchmarks": ["results/benchmarks/notebook-controlled/20260904_104755/Q02/repeat-01/front_tensorrt_mixed_20260904_110106.json", "results/benchmarks/notebook-controlled/20260904_104755/Q02/repeat-02/front_tensorrt_mixed_20260904_110119.json", "results/benchmarks/notebook-controlled/20260904_104755/Q02/repeat-03/front_tensorrt_mixed_20260904_110133.json"], "aggregate": {"benchmark_repetitions": 3, "measured_runs_per_repetition": 200, "total_measured_runs": 600, "replicate_median_ms": [25.52665500479634, 25.474412501353072, 24.924360997829353], "replicate_mean_ms": [25.602628129781806, 25.639870654631522, 25.073510589791113], "replicate_median_mean_ms": 25.30847616799292, "replicate_median_std_ms": 0.33367749063106594, "replicate_median_cv": 0.013184416494149125, "replicate_median_ci95_low_ms": 24.479508428760838, "replicate_median_ci95_high_ms": 26.137443907225006, "mean_ms": 25.43866979140148, "median_ms": 25.183493500662735, "standard_deviation_ms": 1.172215567058986, "coefficient_of_variation": 0.04608006537571419, "min_ms": 23.036795006191824, "max_ms": 28.759205000824295, "p05_ms": 23.833819650826626, "p25_ms": 24.58325874977163, "p75_ms": 26.144250747165643, "p95_ms": 27.59679680384579, "p99_ms": 28.432948164772824, "iqr_ms": 1.5609919973940123, "fps": 39.31023155691929, "gpu_peak_allocated_bytes": 941561856, "gpu_peak_reserved_bytes": 1000341504}, "official": true}]
A23: Q03 | B23: precision | C23: modelopt-int4-weight-only | D23: int4 | E23: 1x3x504x504 | F23: 통과 | H23: 엔진 생성 실패 | I23: returncode=1; log=results/stage2-notebook-logs/Q03-build.log | AV23: FALSE | AW23: 0 | AX23: FALSE
A24: Q04 | B24: precision | C24: modelopt-fp8 | D24: fp8 | E24: 1x3x504x504 | F24: 통과 | H24: 완료 | J24: 0.0035799376 | K24: 0.024639256 | L24: 2.9561206e-05 | M24: 0 | N24: 0.00036365651 | O24: 0.004591155 | P24: 0.15304825 | Q24: 0.37022621 | R24: 0.64124949 | S24: 0.36952719 | T24: 0.060265967 | U24: 0.24187014 | V24: 0.48801331 | W24: 0.7120392 | X24: 0.45309709 | Y24: 38.318301 | Z24: 37.993878 | AA24: 40.587289 | AB24: 41.894203 | AC24: 1.3509055 | AD24: 0.030075883 | AE24: 0.0057853307 | AF24: 37.494978 | AG24: 38.588505 | AH24: 26.097191 | AI24: 941561856 | AJ24: 1000341504 | AK24: 50411748 | AL24: 3 | AM24: 600 | AN24: artifacts/experiments/Q04/front/model.engine | AO24: results/coco-evaluation/Q04-front.json | AP24: ["results/benchmarks/notebook-controlled/20260904_104755/Q04/repeat-01/front_tensorrt_fp8_20260904_110150.json", "results/benchmarks/notebook-controlled/20260904_104755/Q04/repeat-02/front_tensorrt_fp8_20260904_110206.json", "results/benchmarks/notebook-controlled/20260904_104755/Q04/repeat-03/front_tensorrt_fp8_20260904_110223.json"] | AQ24: 437 | AR24: 87143 | AS24: 9528ac5c63f4b5e59c78bb4222c8ce50e1cbd92cfcd7ad904327cf4a0335d2d2 | AT24: 037949731e462ecb42feb6e61b61fbca555dfe2a3d381464ad36a17b0a7ff9b9 | AU24: ["results/benchmarks/notebook-controlled/20260904_104755/Q04/repeat-01/front_tensorrt_fp8_20260904_110150.json", "results/benchmarks/notebook-controlled/20260904_104755/Q04/repeat-02/front_tensorrt_fp8_20260904_110206.json", "results/benchmarks/notebook-controlled/20260904_104755/Q04/repeat-03/front_tensorrt_fp8_20260904_110223.json"] | AV24: FALSE | AW24: 0 | AX24: FALSE | AY24: [{"round": 1, "benchmarks": ["results/benchmarks/notebook-controlled/20260904_104755/Q04/repeat-01/front_tensorrt_fp8_20260904_110150.json", "results/benchmarks/notebook-controlled/20260904_104755/Q04/repeat-02/front_tensorrt_fp8_20260904_110206.json", "results/benchmarks/notebook-controlled/20260904_104755/Q04/repeat-03/front_tensorrt_fp8_20260904_110223.json"], "aggregate": {"benchmark_repetitions": 3, "measured_runs_per_repetition": 200, "total_measured_runs": 600, "replicate_median_ms": [38.1283330025326, 37.791531500261044, 38.20535950217163], "replicate_mean_ms": [38.4646704552506, 38.024205605215684, 38.46602554025594], "replicate_median_mean_ms": 38.04174133498842, "replicate_median_std_ms": 0.22008405543652626, "replicate_median_cv": 0.005785330737058208, "replicate_median_ci95_low_ms": 37.49497810702479, "replicate_median_ci95_high_ms": 38.58850456295205, "mean_ms": 38.318300533574075, "median_ms": 37.99387800245313, "standard_deviation_ms": 1.1524567305256874, "coefficient_of_variation": 0.030075883180568447, "min_ms": 36.30811999755679, "max_ms": 43.13816400099313, "p05_ms": 36.91635280192713, "p25_ms": 37.51540074517834, "p75_ms": 38.86630625129328, "p95_ms": 40.58728890195198, "p99_ms": 41.89420311253343, "iqr_ms": 1.350905506114941, "fps": 26.09719079591776, "gpu_peak_allocated_bytes": 941561856, "gpu_peak_reserved_bytes": 1000341504}, "official": true}]
A25: Q05 | B25: precision | C25: modelopt-fp8-mixed | D25: mixed | E25: 1x3x504x504 | F25: 통과 | H25: 완료 | J25: 0.73580424 | K25: 0.92616603 | L25: 0.78850851 | M25: 0.31324756 | N25: 0.62301295 | O25: 0.84530544 | P25: 0.87855734 | Q25: 0.59809771 | R25: 0.83547531 | S25: 0.64450834 | T25: 0.057169892 | U25: 0.47632768 | V25: 0.70753036 | W25: 0.72810369 | X25: 0.71015111 | Y25: 43.526314 | Z25: 43.332562 | AA25: 45.668077 | AB25: 46.642388 | AC25: 1.7231922 | AD25: 0.028187902 | AE25: 0.010580088 | AF25: 42.1564 | AG25: 44.432343 | AH25: 22.974608 | AI25: 941561856 | AJ25: 1000341504 | AK25: 117264652 | AL25: 3 | AM25: 600 | AN25: artifacts/experiments/Q05/front/model.engine | AO25: results/coco-evaluation/Q05-front.json | AP25: ["results/benchmarks/notebook-controlled/20260904_104755/Q05/repeat-01/front_tensorrt_mixed_20260904_110240.json", "results/benchmarks/notebook-controlled/20260904_104755/Q05/repeat-02/front_tensorrt_mixed_20260904_110258.json", "results/benchmarks/notebook-controlled/20260904_104755/Q05/repeat-03/front_tensorrt_mixed_20260904_110317.json"] | AQ25: 437 | AR25: 86451 | AS25: 13ca51cd4eefa0f04904444ad80bdaf6cafce52420c0537965076d92e36262e7 | AT25: 037949731e462ecb42feb6e61b61fbca555dfe2a3d381464ad36a17b0a7ff9b9 | AU25: ["results/benchmarks/notebook-controlled/20260904_104755/Q05/repeat-01/front_tensorrt_mixed_20260904_110240.json", "results/benchmarks/notebook-controlled/20260904_104755/Q05/repeat-02/front_tensorrt_mixed_20260904_110258.json", "results/benchmarks/notebook-controlled/20260904_104755/Q05/repeat-03/front_tensorrt_mixed_20260904_110317.json"] | AV25: FALSE | AW25: 0 | AX25: FALSE | AY25: [{"round": 1, "benchmarks": ["results/benchmarks/notebook-controlled/20260904_104755/Q05/repeat-01/front_tensorrt_mixed_20260904_110240.json", "results/benchmarks/notebook-controlled/20260904_104755/Q05/repeat-02/front_tensorrt_mixed_20260904_110258.json", "results/benchmarks/notebook-controlled/20260904_104755/Q05/repeat-03/front_tensorrt_mixed_20260904_110317.json"], "aggregate": {"benchmark_repetitions": 3, "measured_runs_per_repetition": 200, "total_measured_runs": 600, "replicate_median_ms": [42.93441499976325, 43.809970000438625, 43.138730001373915], "replicate_mean_ms": [43.22307128484681, 43.91613921998214, 43.439731049693364], "replicate_median_mean_ms": 43.29437166719193, "replicate_median_std_ms": 0.45805827784886666, "replicate_median_cv": 0.01058008836275545, "replicate_median_ci95_low_ms": 42.15639998589338, "replicate_median_ci95_high_ms": 44.432343348490484, "mean_ms": 43.52631385150744, "median_ms": 43.33256249810802, "standard_deviation_ms": 1.226915452414823, "coefficient_of_variation": 0.028187901612815564, "min_ms": 40.93052899406757, "max_ms": 47.388359998876695, "p05_ms": 41.77132059994619, "p25_ms": 42.59107500001846, "p75_ms": 44.31426724841003, "p95_ms": 45.66807684714149, "p99_ms": 46.64238819001184, "iqr_ms": 1.7231922483915696, "fps": 22.974608036222833, "gpu_peak_allocated_bytes": 941561856, "gpu_peak_reserved_bytes": 1000341504}, "official": true}]
A26: Q06 | B26: precision | C26: modelopt-fp8-mixed-kld | D26: mixed | E26: 1x3x504x504 | F26: 통과 | H26: 완료 | J26: 0.0040757509 | K26: 0.026321058 | L26: 3.2804629e-05 | M26: 0 | N26: 0.0010472086 | O26: 0.0047843103 | P26: 0.15734236 | Q26: 0.35405566 | R26: 0.62213974 | S26: 0.34494903 | T26: 0.063441195 | U26: 0.24128154 | V26: 0.4786088 | W26: 0.71795372 | X26: 0.45658584 | Y26: 39.647129 | Z26: 39.408903 | AA26: 41.529231 | AB26: 43.243382 | AC26: 1.077229 | AD26: 0.024819423 | AE26: 0.0023100932 | AF26: 39.192264 | AG26: 39.644714 | AH26: 25.222507 | AI26: 941561856 | AJ26: 1000341504 | AK26: 67912876 | AL26: 3 | AM26: 600 | AN26: artifacts/experiments/Q06/front/model.engine | AO26: results/coco-evaluation/Q06-front.json | AP26: ["results/benchmarks/notebook-controlled/20260904_104755/Q06/repeat-01/front_tensorrt_mixed_20260904_110334.json", "results/benchmarks/notebook-controlled/20260904_104755/Q06/repeat-02/front_tensorrt_mixed_20260904_110350.json", "results/benchmarks/notebook-controlled/20260904_104755/Q06/repeat-03/front_tensorrt_mixed_20260904_110407.json"] | AQ26: 437 | AR26: 87153 | AS26: 6276e16f05618b906cad3c5e4bc1c47d668852fe4277b3ff3178a329979cc643 | AT26: 037949731e462ecb42feb6e61b61fbca555dfe2a3d381464ad36a17b0a7ff9b9 | AU26: ["results/benchmarks/notebook-controlled/20260904_104755/Q06/repeat-01/front_tensorrt_mixed_20260904_110334.json", "results/benchmarks/notebook-controlled/20260904_104755/Q06/repeat-02/front_tensorrt_mixed_20260904_110350.json", "results/benchmarks/notebook-controlled/20260904_104755/Q06/repeat-03/front_tensorrt_mixed_20260904_110407.json"] | AV26: FALSE | AW26: 0 | AX26: FALSE | AY26: [{"round": 1, "benchmarks": ["results/benchmarks/notebook-controlled/20260904_104755/Q06/repeat-01/front_tensorrt_mixed_20260904_110334.json", "results/benchmarks/notebook-controlled/20260904_104755/Q06/repeat-02/front_tensorrt_mixed_20260904_110350.json", "results/benchmarks/notebook-controlled/20260904_104755/Q06/repeat-03/front_tensorrt_mixed_20260904_110407.json"], "aggregate": {"benchmark_repetitions": 3, "measured_runs_per_repetition": 200, "total_measured_runs": 600, "replicate_median_ms": [39.41318600118393, 39.51208500075154, 39.330195999355055], "replicate_mean_ms": [39.661235740095435, 39.71326136022981, 39.566889709785755], "replicate_median_mean_ms": 39.41848900043018, "replicate_median_std_ms": 0.09106038413056938, "replicate_median_cv": 0.0023100932186816098, "replicate_median_ci95_low_ms": 39.192264208870036, "replicate_median_ci95_high_ms": 39.64471379199032, "mean_ms": 39.647128936703666, "median_ms": 39.408903001458384, "standard_deviation_ms": 0.9840188534663551, "coefficient_of_variation": 0.024819422738966385, "min_ms": 37.79056899657007, "max_ms": 44.386878005752806, "p05_ms": 38.52492554942728, "p25_ms": 39.00805299963395, "p75_ms": 40.085282000291045, "p95_ms": 41.529231199092465, "p99_ms": 43.24338190665002, "iqr_ms": 1.0772290006570984, "fps": 25.222507324464583, "gpu_peak_allocated_bytes": 941561856, "gpu_peak_reserved_bytes": 1000341504}, "official": true}]
A27: Q07 | B27: precision | C27: modelopt-fp8-mixed | D27: mixed | E27: 1x3x504x504 | F27: 통과 | H27: 완료 | J27: 0.028162096 | K27: 0.1390114 | L27: 0.0012845556 | M27: 0.011157798 | N27: 0.0044526386 | O27: 0.035295721 | P27: 0.35695419 | Q27: 0.35792475 | R27: 0.60203121 | S27: 0.35986373 | T27: 0.05666074 | U27: 0.20466834 | V27: 0.48171306 | W27: 0.72397295 | X27: 0.42892599 | Y27: 38.59769 | Z27: 38.298552 | AA27: 40.826149 | AB27: 41.821874 | AC27: 1.2748723 | AD27: 0.03135598 | AE27: 0.0088803786 | AF27: 37.53412 | AG27: 39.227627 | AH27: 25.908286 | AI27: 941561856 | AJ27: 1000341504 | AK27: 55561316 | AL27: 3 | AM27: 600 | AN27: artifacts/experiments/Q07/front/model.engine | AO27: results/coco-evaluation/Q07-front.json | AP27: ["results/benchmarks/notebook-controlled/20260904_104755/Q07/repeat-01/front_tensorrt_mixed_20260904_110425.json", "results/benchmarks/notebook-controlled/20260904_104755/Q07/repeat-02/front_tensorrt_mixed_20260904_110442.json", "results/benchmarks/notebook-controlled/20260904_104755/Q07/repeat-03/front_tensorrt_mixed_20260904_110458.json"] | AQ27: 437 | AR27: 87112 | AS27: 3c7053bd3d63c5c89b195fb2eb3f3f9e1a29542fefc236571ebc299cda5cab1c | AT27: 037949731e462ecb42feb6e61b61fbca555dfe2a3d381464ad36a17b0a7ff9b9 | AU27: ["results/benchmarks/notebook-controlled/20260904_104755/Q07/repeat-01/front_tensorrt_mixed_20260904_110425.json", "results/benchmarks/notebook-controlled/20260904_104755/Q07/repeat-02/front_tensorrt_mixed_20260904_110442.json", "results/benchmarks/notebook-controlled/20260904_104755/Q07/repeat-03/front_tensorrt_mixed_20260904_110458.json"] | AV27: FALSE | AW27: 0 | AX27: FALSE | AY27: [{"round": 1, "benchmarks": ["results/benchmarks/notebook-controlled/20260904_104755/Q07/repeat-01/front_tensorrt_mixed_20260904_110425.json", "results/benchmarks/notebook-controlled/20260904_104755/Q07/repeat-02/front_tensorrt_mixed_20260904_110442.json", "results/benchmarks/notebook-controlled/20260904_104755/Q07/repeat-03/front_tensorrt_mixed_20260904_110458.json"], "aggregate": {"benchmark_repetitions": 3, "measured_runs_per_repetition": 200, "total_measured_runs": 600, "replicate_median_ms": [38.77304900379386, 38.21338999841828, 38.15618050066405], "replicate_mean_ms": [39.06460407004488, 38.35770868965483, 38.37075844989158], "replicate_median_mean_ms": 38.380873167625396, "replicate_median_std_ms": 0.34083668598633465, "replicate_median_cv": 0.008880378632809048, "replicate_median_ci95_low_ms": 37.53411956583137, "replicate_median_ci95_high_ms": 39.22762676941942, "mean_ms": 38.5976904031971, "median_ms": 38.29855150252115, "standard_deviation_ms": 1.2102684128720953, "coefficient_of_variation": 0.03135598011770795, "min_ms": 36.37856400018791, "max_ms": 51.733525993768126, "p05_ms": 37.287459499930264, "p25_ms": 37.81191249800031, "p75_ms": 39.08678475272609, "p95_ms": 40.82614890357945, "p99_ms": 41.82187388847524, "iqr_ms": 1.2748722547257785, "fps": 25.90828595063213, "gpu_peak_allocated_bytes": 941561856, "gpu_peak_reserved_bytes": 1000341504}, "official": true}]

Sheet 분석결과
A1: ID | B1: 계열 | C1: 경량화 방식 | D1: 정밀도 | E1: 2차 상태 | F1: BBox AP | G1: Mask AP | H1: Semantic mIoU | I1: BBox Δ vs B01 | J1: Mask Δ vs B01 | K1: mIoU Δ vs B01 | L1: Median ms | M1: P95 ms | N1: P99 ms | O1: FPS | P1: 반복 Median CV | Q1: CI95 하한 ms | R1: CI95 상한 ms | S1: GPU allocated MiB | T1: Engine MiB | U1: Latency 감소율 | V1: Speedup | W1: Memory 감소율 | X1: Engine 감소율 | Y1: 측정 유효 | Z1: 정확도 Gate | AA1: Pareto 대상 | AB1: Pareto 최적 | AC1: CV 재측정 경고 | AD1: P95 예산 초과 경고 | AE1: 제외 사유 | AF1: 30 FPS 적합 | AG1: 최종 배포 후보 | AH1: CV 재측정 수행 | AI1: CV 불안정 미해결
A2: ='원시결과'!A2 -> B01 | B2: ='원시결과'!B2 -> baseline | C2: ='원시결과'!C2 -> none | D2: ='원시결과'!D2 -> fp32 | E2: ='원시결과'!H2 -> 완료 | F2: =IF('원시결과'!J2="","",'원시결과'!J2) -> 0.73785893 | G2: =IF('원시결과'!Q2="","",'원시결과'!Q2) -> 0.6026427 | H2: =IF('원시결과'!X2="","",'원시결과'!X2) -> 0.71200708 | I2: =IF(F2="","",F2-INDEX(F$2:F$23,MATCH("B01",$A$2:$A$23,0))) -> 0 | J2: =IF(G2="","",G2-INDEX(G$2:G$23,MATCH("B01",$A$2:$A$23,0))) -> 0 | K2: =IF(H2="","",H2-INDEX(H$2:H$23,MATCH("B01",$A$2:$A$23,0))) -> 0 | L2: =IF('원시결과'!Z2="","",'원시결과'!Z2) -> 45.820257 | M2: =IF('원시결과'!AA2="","",'원시결과'!AA2) -> 48.561517 | N2: =IF('원시결과'!AB2="","",'원시결과'!AB2) -> 49.340607 | O2: =IF('원시결과'!AH2="","",'원시결과'!AH2) -> 21.728663 | P2: =IF('원시결과'!AE2="","",'원시결과'!AE2) -> 0.001230759 | Q2: =IF('원시결과'!AF2="","",'원시결과'!AF2) -> 45.660595 | R2: =IF('원시결과'!AG2="","",'원시결과'!AG2) -> 45.940677 | S2: =IF('원시결과'!AI2="","",'원시결과'!AI2/1048576) -> 897.94336 | T2: =IF('원시결과'!AK2="","",'원시결과'!AK2/1048576) -> 129.33995 | U2: =IF(L2="","",(INDEX(L$2:L$23,MATCH("B01",$A$2:$A$23,0))-L2)/INDEX(L$2:L$23,MATCH("B01",$A$2:$A$23,0))) -> 0 | V2: =IF(L2="","",INDEX(L$2:L$23,MATCH("B01",$A$2:$A$23,0))/L2) -> 1 | W2: =IF(S2="","",(INDEX(S$2:S$23,MATCH("B01",$A$2:$A$23,0))-S2)/INDEX(S$2:S$23,MATCH("B01",$A$2:$A$23,0))) -> 0 | X2: =IF(T2="","",(INDEX(T$2:T$23,MATCH("B01",$A$2:$A$23,0))-T2)/INDEX(T$2:T$23,MATCH("B01",$A$2:$A$23,0))) -> 0 | Y2: TRUE | Z2: =AND(I2>=-'평가기준'!$B$10,J2>=-'평가기준'!$B$11,K2>=-'평가기준'!$B$12) -> TRUE | AA2: =AND(Y2,Z2) -> TRUE | AB2: FALSE | AC2: =P2>'평가기준'!$B$9 -> FALSE | AD2: =AND(Y2,M2>'평가기준'!$B$14) -> TRUE | AF2: =AND(Y2,L2<='평가기준'!$B$14) -> FALSE | AG2: =AND(AB2,AF2,NOT(AI2)) -> FALSE | AH2: FALSE | AI2: FALSE
A3: ='원시결과'!A3 -> B02 | B3: ='원시결과'!B3 -> precision | C3: ='원시결과'!C3 -> tensorrt-fp16 | D3: ='원시결과'!D3 -> fp16 | E3: ='원시결과'!H3 -> 완료 | F3: =IF('원시결과'!J3="","",'원시결과'!J3) -> 0.74155301 | G3: =IF('원시결과'!Q3="","",'원시결과'!Q3) -> 0.60172169 | H3: =IF('원시결과'!X3="","",'원시결과'!X3) -> 0.71384758 | I3: =IF(F3="","",F3-INDEX(F$2:F$23,MATCH("B01",$A$2:$A$23,0))) -> 0.0036940813 | J3: =IF(G3="","",G3-INDEX(G$2:G$23,MATCH("B01",$A$2:$A$23,0))) -> -0.00092100801 | K3: =IF(H3="","",H3-INDEX(H$2:H$23,MATCH("B01",$A$2:$A$23,0))) -> 0.0018404983 | L3: =IF('원시결과'!Z3="","",'원시결과'!Z3) -> 25.77521 | M3: =IF('원시결과'!AA3="","",'원시결과'!AA3) -> 28.130156 | N3: =IF('원시결과'!AB3="","",'원시결과'!AB3) -> 29.321301 | O3: =IF('원시결과'!AH3="","",'원시결과'!AH3) -> 38.402852 | P3: =IF('원시결과'!AE3="","",'원시결과'!AE3) -> 0.028758074 | Q3: =IF('원시결과'!AF3="","",'원시결과'!AF3) -> 24.073147 | R3: =IF('원시결과'!AG3="","",'원시결과'!AG3) -> 27.777613 | S3: =IF('원시결과'!AI3="","",'원시결과'!AI3/1048576) -> 897.94336 | T3: =IF('원시결과'!AK3="","",'원시결과'!AK3/1048576) -> 67.942593 | U3: =IF(L3="","",(INDEX(L$2:L$23,MATCH("B01",$A$2:$A$23,0))-L3)/INDEX(L$2:L$23,MATCH("B01",$A$2:$A$23,0))) -> 0.43747128 | V3: =IF(L3="","",INDEX(L$2:L$23,MATCH("B01",$A$2:$A$23,0))/L3) -> 1.777687 | W3: =IF(S3="","",(INDEX(S$2:S$23,MATCH("B01",$A$2:$A$23,0))-S3)/INDEX(S$2:S$23,MATCH("B01",$A$2:$A$23,0))) -> 0 | X3: =IF(T3="","",(INDEX(T$2:T$23,MATCH("B01",$A$2:$A$23,0))-T3)/INDEX(T$2:T$23,MATCH("B01",$A$2:$A$23,0))) -> 0.47469754 | Y3: TRUE | Z3: =AND(I3>=-'평가기준'!$B$10,J3>=-'평가기준'!$B$11,K3>=-'평가기준'!$B$12) -> TRUE | AA3: =AND(Y3,Z3) -> TRUE | AB3: FALSE | AC3: =P3>'평가기준'!$B$9 -> FALSE | AD3: =AND(Y3,M3>'평가기준'!$B$14) -> FALSE | AF3: =AND(Y3,L3<='평가기준'!$B$14) -> TRUE | AG3: =AND(AB3,AF3,NOT(AI3)) -> FALSE | AH3: FALSE | AI3: FALSE
A4: ='원시결과'!A4 -> B03 | B4: ='원시결과'!B4 -> precision | C4: ='원시결과'!C4 -> tensorrt-int8-ptq | D4: ='원시결과'!D4 -> int8 | E4: ='원시결과'!H4 -> 완료 | F4: =IF('원시결과'!J4="","",'원시결과'!J4) -> 0.74219013 | G4: =IF('원시결과'!Q4="","",'원시결과'!Q4) -> 0.60274983 | H4: =IF('원시결과'!X4="","",'원시결과'!X4) -> 0.71244368 | I4: =IF(F4="","",F4-INDEX(F$2:F$23,MATCH("B01",$A$2:$A$23,0))) -> 0.0043311982 | J4: =IF(G4="","",G4-INDEX(G$2:G$23,MATCH("B01",$A$2:$A$23,0))) -> 0.00010713255 | K4: =IF(H4="","",H4-INDEX(H$2:H$23,MATCH("B01",$A$2:$A$23,0))) -> 0.00043660101 | L4: =IF('원시결과'!Z4="","",'원시결과'!Z4) -> 25.360001 | M4: =IF('원시결과'!AA4="","",'원시결과'!AA4) -> 27.903415 | N4: =IF('원시결과'!AB4="","",'원시결과'!AB4) -> 29.424017 | O4: =IF('원시결과'!AH4="","",'원시결과'!AH4) -> 38.916672 | P4: =IF('원시결과'!AE4="","",'원시결과'!AE4) -> 0.022643032 | Q4: =IF('원시결과'!AF4="","",'원시결과'!AF4) -> 24.038588 | R4: =IF('원시결과'!AG4="","",'원시결과'!AG4) -> 26.904274 | S4: =IF('원시결과'!AI4="","",'원시결과'!AI4/1048576) -> 897.94336 | T4: =IF('원시결과'!AK4="","",'원시결과'!AK4/1048576) -> 68.006321 | U4: =IF(L4="","",(INDEX(L$2:L$23,MATCH("B01",$A$2:$A$23,0))-L4)/INDEX(L$2:L$23,MATCH("B01",$A$2:$A$23,0))) -> 0.44653297 | V4: =IF(L4="","",INDEX(L$2:L$23,MATCH("B01",$A$2:$A$23,0))/L4) -> 1.8067924 | W4: =IF(S4="","",(INDEX(S$2:S$23,MATCH("B01",$A$2:$A$23,0))-S4)/INDEX(S$2:S$23,MATCH("B01",$A$2:$A$23,0))) -> 0 | X4: =IF(T4="","",(INDEX(T$2:T$23,MATCH("B01",$A$2:$A$23,0))-T4)/INDEX(T$2:T$23,MATCH("B01",$A$2:$A$23,0))) -> 0.47420482 | Y4: TRUE | Z4: =AND(I4>=-'평가기준'!$B$10,J4>=-'평가기준'!$B$11,K4>=-'평가기준'!$B$12) -> TRUE | AA4: =AND(Y4,Z4) -> TRUE | AB4: FALSE | AC4: =P4>'평가기준'!$B$9 -> FALSE | AD4: =AND(Y4,M4>'평가기준'!$B$14) -> FALSE | AF4: =AND(Y4,L4<='평가기준'!$B$14) -> TRUE | AG4: =AND(AB4,AF4,NOT(AI4)) -> FALSE | AH4: FALSE | AI4: FALSE
A5: ='원시결과'!A8 -> M01 | B5: ='원시결과'!B8 -> semi-structured | C5: ='원시결과'!C8 -> nvidia-2to4 | D5: ='원시결과'!D8 -> fp16 | E5: ='원시결과'!H8 -> 완료 | F5: =IF('원시결과'!J8="","",'원시결과'!J8) -> 0.63458287 | G5: =IF('원시결과'!Q8="","",'원시결과'!Q8) -> 0.51798814 | H5: =IF('원시결과'!X8="","",'원시결과'!X8) -> 0.68262358 | I5: =IF(F5="","",F5-INDEX(F$2:F$23,MATCH("B01",$A$2:$A$23,0))) -> -0.10327606 | J5: =IF(G5="","",G5-INDEX(G$2:G$23,MATCH("B01",$A$2:$A$23,0))) -> -0.084654553 | K5: =IF(H5="","",H5-INDEX(H$2:H$23,MATCH("B01",$A$2:$A$23,0))) -> -0.029383497 | L5: =IF('원시결과'!Z8="","",'원시결과'!Z8) -> 25.386515 | M5: =IF('원시결과'!AA8="","",'원시결과'!AA8) -> 27.630042 | N5: =IF('원시결과'!AB8="","",'원시결과'!AB8) -> 28.270791 | O5: =IF('원시결과'!AH8="","",'원시결과'!AH8) -> 39.003583 | P5: =IF('원시결과'!AE8="","",'원시결과'!AE8) -> 0.0095840373 | Q5: =IF('원시결과'!AF8="","",'원시결과'!AF8) -> 24.793421 | R5: =IF('원시결과'!AG8="","",'원시결과'!AG8) -> 26.002881 | S5: =IF('원시결과'!AI8="","",'원시결과'!AI8/1048576) -> 897.94336 | T5: =IF('원시결과'!AK8="","",'원시결과'!AK8/1048576) -> 67.899975 | U5: =IF(L5="","",(INDEX(L$2:L$23,MATCH("B01",$A$2:$A$23,0))-L5)/INDEX(L$2:L$23,MATCH("B01",$A$2:$A$23,0))) -> 0.44595432 | V5: =IF(L5="","",INDEX(L$2:L$23,MATCH("B01",$A$2:$A$23,0))/L5) -> 1.8049053 | W5: =IF(S5="","",(INDEX(S$2:S$23,MATCH("B01",$A$2:$A$23,0))-S5)/INDEX(S$2:S$23,MATCH("B01",$A$2:$A$23,0))) -> 0 | X5: =IF(T5="","",(INDEX(T$2:T$23,MATCH("B01",$A$2:$A$23,0))-T5)/INDEX(T$2:T$23,MATCH("B01",$A$2:$A$23,0))) -> 0.47502704 | Y5: TRUE | Z5: =AND(I5>=-'평가기준'!$B$10,J5>=-'평가기준'!$B$11,K5>=-'평가기준'!$B$12) -> FALSE | AA5: =AND(Y5,Z5) -> FALSE | AB5: FALSE | AC5: =P5>'평가기준'!$B$9 -> FALSE | AD5: =AND(Y5,M5>'평가기준'!$B$14) -> FALSE | AE5: accuracy retention gate failed | AF5: =AND(Y5,L5<='평가기준'!$B$14) -> TRUE | AG5: =AND(AB5,AF5,NOT(AI5)) -> FALSE | AH5: FALSE | AI5: FALSE
A6: ='원시결과'!A9 -> M02 | B6: ='원시결과'!B9 -> semi-structured | C6: ='원시결과'!C9 -> nvidia-2to4 | D6: ='원시결과'!D9 -> fp16 | E6: ='원시결과'!H9 -> 완료 | F6: =IF('원시결과'!J9="","",'원시결과'!J9) -> 0.63238036 | G6: =IF('원시결과'!Q9="","",'원시결과'!Q9) -> 0.51484803 | H6: =IF('원시결과'!X9="","",'원시결과'!X9) -> 0.67510284 | I6: =IF(F6="","",F6-INDEX(F$2:F$23,MATCH("B01",$A$2:$A$23,0))) -> -0.10547856 | J6: =IF(G6="","",G6-INDEX(G$2:G$23,MATCH("B01",$A$2:$A$23,0))) -> -0.087794666 | K6: =IF(H6="","",H6-INDEX(H$2:H$23,MATCH("B01",$A$2:$A$23,0))) -> -0.036904246 | L6: =IF('원시결과'!Z9="","",'원시결과'!Z9) -> 25.26247 | M6: =IF('원시결과'!AA9="","",'원시결과'!AA9) -> 28.145969 | N6: =IF('원시결과'!AB9="","",'원시결과'!AB9) -> 29.207885 | O6: =IF('원시결과'!AH9="","",'원시결과'!AH9) -> 39.020721 | P6: =IF('원시결과'!AE9="","",'원시결과'!AE9) -> 0.0057403744 | Q6: =IF('원시결과'!AF9="","",'원시결과'!AF9) -> 24.899295 | R6: =IF('원시결과'!AG9="","",'원시결과'!AG9) -> 25.619748 | S6: =IF('원시결과'!AI9="","",'원시결과'!AI9/1048576) -> 897.94336 | T6: =IF('원시결과'!AK9="","",'원시결과'!AK9/1048576) -> 62.392857 | U6: =IF(L6="","",(INDEX(L$2:L$23,MATCH("B01",$A$2:$A$23,0))-L6)/INDEX(L$2:L$23,MATCH("B01",$A$2:$A$23,0))) -> 0.44866153 | V6: =IF(L6="","",INDEX(L$2:L$23,MATCH("B01",$A$2:$A$23,0))/L6) -> 1.8137679 | W6: =IF(S6="","",(INDEX(S$2:S$23,MATCH("B01",$A$2:$A$23,0))-S6)/INDEX(S$2:S$23,MATCH("B01",$A$2:$A$23,0))) -> 0 | X6: =IF(T6="","",(INDEX(T$2:T$23,MATCH("B01",$A$2:$A$23,0))-T6)/INDEX(T$2:T$23,MATCH("B01",$A$2:$A$23,0))) -> 0.51760567 | Y6: TRUE | Z6: =AND(I6>=-'평가기준'!$B$10,J6>=-'평가기준'!$B$11,K6>=-'평가기준'!$B$12) -> FALSE | AA6: =AND(Y6,Z6) -> FALSE | AB6: FALSE | AC6: =P6>'평가기준'!$B$9 -> FALSE | AD6: =AND(Y6,M6>'평가기준'!$B$14) -> FALSE | AE6: accuracy retention gate failed | AF6: =AND(Y6,L6<='평가기준'!$B$14) -> TRUE | AG6: =AND(AB6,AF6,NOT(AI6)) -> FALSE | AH6: FALSE | AI6: FALSE
A7: ='원시결과'!A10 -> S01 | B7: ='원시결과'!B10 -> structured | C7: ='원시결과'!C10 -> decoder-layer | D7: ='원시결과'!D10 -> fp32 | E7: ='원시결과'!H10 -> 완료 | F7: =IF('원시결과'!J10="","",'원시결과'!J10) -> 0.73899927 | G7: =IF('원시결과'!Q10="","",'원시결과'!Q10) -> 0.60223001 | H7: =IF('원시결과'!X10="","",'원시결과'!X10) -> 0.73389948 | I7: =IF(F7="","",F7-INDEX(F$2:F$23,MATCH("B01",$A$2:$A$23,0))) -> 0.0011403431 | J7: =IF(G7="","",G7-INDEX(G$2:G$23,MATCH("B01",$A$2:$A$23,0))) -> -0.00041269027 | K7: =IF(H7="","",H7-INDEX(H$2:H$23,MATCH("B01",$A$2:$A$23,0))) -> 0.021892399 | L7: =IF('원시결과'!Z10="","",'원시결과'!Z10) -> 44.509862 | M7: =IF('원시결과'!AA10="","",'원시결과'!AA10) -> 46.953992 | N7: =IF('원시결과'!AB10="","",'원시결과'!AB10) -> 47.977664 | O7: =IF('원시결과'!AH10="","",'원시결과'!AH10) -> 22.382809 | P7: =IF('원시결과'!AE10="","",'원시결과'!AE10) -> 0.011642105 | Q7: =IF('원시결과'!AF10="","",'원시결과'!AF10) -> 43.25049 | R7: =IF('원시결과'!AG10="","",'원시결과'!AG10) -> 45.826868 | S7: =IF('원시결과'!AI10="","",'원시결과'!AI10/1048576) -> 897.94336 | T7: =IF('원시결과'!AK10="","",'원시결과'!AK10/1048576) -> 123.25447 | U7: =IF(L7="","",(INDEX(L$2:L$23,MATCH("B01",$A$2:$A$23,0))-L7)/INDEX(L$2:L$23,MATCH("B01",$A$2:$A$23,0))) -> 0.028598596 | V7: =IF(L7="","",INDEX(L$2:L$23,MATCH("B01",$A$2:$A$23,0))/L7) -> 1.0294406 | W7: =IF(S7="","",(INDEX(S$2:S$23,MATCH("B01",$A$2:$A$23,0))-S7)/INDEX(S$2:S$23,MATCH("B01",$A$2:$A$23,0))) -> 0 | X7: =IF(T7="","",(INDEX(T$2:T$23,MATCH("B01",$A$2:$A$23,0))-T7)/INDEX(T$2:T$23,MATCH("B01",$A$2:$A$23,0))) -> 0.047050272 | Y7: TRUE | Z7: =AND(I7>=-'평가기준'!$B$10,J7>=-'평가기준'!$B$11,K7>=-'평가기준'!$B$12) -> TRUE | AA7: =AND(Y7,Z7) -> TRUE | AB7: FALSE | AC7: =P7>'평가기준'!$B$9 -> FALSE | AD7: =AND(Y7,M7>'평가기준'!$B$14) -> TRUE | AF7: =AND(Y7,L7<='평가기준'!$B$14) -> FALSE | AG7: =AND(AB7,AF7,NOT(AI7)) -> FALSE | AH7: FALSE | AI7: FALSE
A8: ='원시결과'!A11 -> S02 | B8: ='원시결과'!B11 -> structured | C8: ='원시결과'!C11 -> decoder-layer | D8: ='원시결과'!D11 -> fp32 | E8: ='원시결과'!H11 -> 완료 | F8: =IF('원시결과'!J11="","",'원시결과'!J11) -> 0.71612133 | G8: =IF('원시결과'!Q11="","",'원시결과'!Q11) -> 0.58504198 | H8: =IF('원시결과'!X11="","",'원시결과'!X11) -> 0.75312865 | I8: =IF(F8="","",F8-INDEX(F$2:F$23,MATCH("B01",$A$2:$A$23,0))) -> -0.021737594 | J8: =IF(G8="","",G8-INDEX(G$2:G$23,MATCH("B01",$A$2:$A$23,0))) -> -0.017600716 | K8: =IF(H8="","",H8-INDEX(H$2:H$23,MATCH("B01",$A$2:$A$23,0))) -> 0.041121566 | L8: =IF('원시결과'!Z11="","",'원시결과'!Z11) -> 42.957116 | M8: =IF('원시결과'!AA11="","",'원시결과'!AA11) -> 45.106497 | N8: =IF('원시결과'!AB11="","",'원시결과'!AB11) -> 45.978702 | O8: =IF('원시결과'!AH11="","",'원시결과'!AH11) -> 23.196722 | P8: =IF('원시결과'!AE11="","",'원시결과'!AE11) -> 0.0055514941 | Q8: =IF('원시결과'!AF11="","",'원시결과'!AF11) -> 42.34599 | R8: =IF('원시결과'!AG11="","",'원시결과'!AG11) -> 43.530379 | S8: =IF('원시결과'!AI11="","",'원시결과'!AI11/1048576) -> 897.94336 | T8: =IF('원시결과'!AK11="","",'원시결과'!AK11/1048576) -> 117.18737 | U8: =IF(L8="","",(INDEX(L$2:L$23,MATCH("B01",$A$2:$A$23,0))-L8)/INDEX(L$2:L$23,MATCH("B01",$A$2:$A$23,0))) -> 0.062486369 | V8: =IF(L8="","",INDEX(L$2:L$23,MATCH("B01",$A$2:$A$23,0))/L8) -> 1.0666512 | W8: =IF(S8="","",(INDEX(S$2:S$23,MATCH("B01",$A$2:$A$23,0))-S8)/INDEX(S$2:S$23,MATCH("B01",$A$2:$A$23,0))) -> 0 | X8: =IF(T8="","",(INDEX(T$2:T$23,MATCH("B01",$A$2:$A$23,0))-T8)/INDEX(T$2:T$23,MATCH("B01",$A$2:$A$23,0))) -> 0.093958386 | Y8: TRUE | Z8: =AND(I8>=-'평가기준'!$B$10,J8>=-'평가기준'!$B$11,K8>=-'평가기준'!$B$12) -> FALSE | AA8: =AND(Y8,Z8) -> FALSE | AB8: FALSE | AC8: =P8>'평가기준'!$B$9 -> FALSE | AD8: =AND(Y8,M8>'평가기준'!$B$14) -> TRUE | AE8: accuracy retention gate failed | AF8: =AND(Y8,L8<='평가기준'!$B$14) -> FALSE | AG8: =AND(AB8,AF8,NOT(AI8)) -> FALSE | AH8: FALSE | AI8: FALSE
A9: ='원시결과'!A13 -> S04 | B9: ='원시결과'!B13 -> structured | C9: ='원시결과'!C13 -> ffn-dimension | D9: ='원시결과'!D13 -> fp32 | E9: ='원시결과'!H13 -> 완료 | F9: =IF('원시결과'!J13="","",'원시결과'!J13) -> 0.51805164 | G9: =IF('원시결과'!Q13="","",'원시결과'!Q13) -> 0.52135 | H9: =IF('원시결과'!X13="","",'원시결과'!X13) -> 0.64755762 | I9: =IF(F9="","",F9-INDEX(F$2:F$23,MATCH("B01",$A$2:$A$23,0))) -> -0.21980729 | J9: =IF(G9="","",G9-INDEX(G$2:G$23,MATCH("B01",$A$2:$A$23,0))) -> -0.081292694 | K9: =IF(H9="","",H9-INDEX(H$2:H$23,MATCH("B01",$A$2:$A$23,0))) -> -0.064449462 | L9: =IF('원시결과'!Z13="","",'원시결과'!Z13) -> 45.768655 | M9: =IF('원시결과'!AA13="","",'원시결과'!AA13) -> 48.07663 | N9: =IF('원시결과'!AB13="","",'원시결과'!AB13) -> 48.893656 | O9: =IF('원시결과'!AH13="","",'원시결과'!AH13) -> 21.791248 | P9: =IF('원시결과'!AE13="","",'원시결과'!AE13) -> 0.0057996725 | Q9: =IF('원시결과'!AF13="","",'원시결과'!AF13) -> 45.099383 | R9: =IF('원시결과'!AG13="","",'원시결과'!AG13) -> 46.417997 | S9: =IF('원시결과'!AI13="","",'원시결과'!AI13/1048576) -> 897.94336 | T9: =IF('원시결과'!AK13="","",'원시결과'!AK13/1048576) -> 121.19233 | U9: =IF(L9="","",(INDEX(L$2:L$23,MATCH("B01",$A$2:$A$23,0))-L9)/INDEX(L$2:L$23,MATCH("B01",$A$2:$A$23,0))) -> 0.0011261831 | V9: =IF(L9="","",INDEX(L$2:L$23,MATCH("B01",$A$2:$A$23,0))/L9) -> 1.0011275 | W9: =IF(S9="","",(INDEX(S$2:S$23,MATCH("B01",$A$2:$A$23,0))-S9)/INDEX(S$2:S$23,MATCH("B01",$A$2:$A$23,0))) -> 0 | X9: =IF(T9="","",(INDEX(T$2:T$23,MATCH("B01",$A$2:$A$23,0))-T9)/INDEX(T$2:T$23,MATCH("B01",$A$2:$A$23,0))) -> 0.062993791 | Y9: TRUE | Z9: =AND(I9>=-'평가기준'!$B$10,J9>=-'평가기준'!$B$11,K9>=-'평가기준'!$B$12) -> FALSE | AA9: =AND(Y9,Z9) -> FALSE | AB9: FALSE | AC9: =P9>'평가기준'!$B$9 -> FALSE | AD9: =AND(Y9,M9>'평가기준'!$B$14) -> TRUE | AE9: accuracy retention gate failed | AF9: =AND(Y9,L9<='평가기준'!$B$14) -> FALSE | AG9: =AND(AB9,AF9,NOT(AI9)) -> FALSE | AH9: FALSE | AI9: FALSE
A10: ='원시결과'!A14 -> C01 | B10: ='원시결과'!B14 -> combined | C10: ='원시결과'!C14 -> structured-selected | D10: ='원시결과'!D14 -> fp16 | E10: ='원시결과'!H14 -> 완료 | F10: =IF('원시결과'!J14="","",'원시결과'!J14) -> 0.7385979 | G10: =IF('원시결과'!Q14="","",'원시결과'!Q14) -> 0.60291193 | H10: =IF('원시결과'!X14="","",'원시결과'!X14) -> 0.73668954 | I10: =IF(F10="","",F10-INDEX(F$2:F$23,MATCH("B01",$A$2:$A$23,0))) -> 0.00073897474 | J10: =IF(G10="","",G10-INDEX(G$2:G$23,MATCH("B01",$A$2:$A$23,0))) -> 0.00026923025 | K10: =IF(H10="","",H10-INDEX(H$2:H$23,MATCH("B01",$A$2:$A$23,0))) -> 0.024682455 | L10: =IF('원시결과'!Z14="","",'원시결과'!Z14) -> 25.29961 | M10: =IF('원시결과'!AA14="","",'원시결과'!AA14) -> 27.511682 | N10: =IF('원시결과'!AB14="","",'원시결과'!AB14) -> 28.201303 | O10: =IF('원시결과'!AH14="","",'원시결과'!AH14) -> 39.131406 | P10: =IF('원시결과'!AE14="","",'원시결과'!AE14) -> 0.029110828 | Q10: =IF('원시결과'!AF14="","",'원시결과'!AF14) -> 23.598337 | R10: =IF('원시결과'!AG14="","",'원시결과'!AG14) -> 27.277753 | S10: =IF('원시결과'!AI14="","",'원시결과'!AI14/1048576) -> 897.94336 | T10: =IF('원시결과'!AK14="","",'원시결과'!AK14/1048576) -> 64.729115 | U10: =IF(L10="","",(INDEX(L$2:L$23,MATCH("B01",$A$2:$A$23,0))-L10)/INDEX(L$2:L$23,MATCH("B01",$A$2:$A$23,0))) -> 0.44785099 | V10: =IF(L10="","",INDEX(L$2:L$23,MATCH("B01",$A$2:$A$23,0))/L10) -> 1.8111053 | W10: =IF(S10="","",(INDEX(S$2:S$23,MATCH("B01",$A$2:$A$23,0))-S10)/INDEX(S$2:S$23,MATCH("B01",$A$2:$A$23,0))) -> 0 | X10: =IF(T10="","",(INDEX(T$2:T$23,MATCH("B01",$A$2:$A$23,0))-T10)/INDEX(T$2:T$23,MATCH("B01",$A$2:$A$23,0))) -> 0.49954275 | Y10: TRUE | Z10: =AND(I10>=-'평가기준'!$B$10,J10>=-'평가기준'!$B$11,K10>=-'평가기준'!$B$12) -> TRUE | AA10: =AND(Y10,Z10) -> TRUE | AB10: TRUE | AC10: =P10>'평가기준'!$B$9 -> FALSE | AD10: =AND(Y10,M10>'평가기준'!$B$14) -> FALSE | AF10: =AND(Y10,L10<='평가기준'!$B$14) -> TRUE | AG10: =AND(AB10,AF10,NOT(AI10)) -> TRUE | AH10: FALSE | AI10: FALSE
A11: ='원시결과'!A15 -> C02 | B11: ='원시결과'!B15 -> combined | C11: ='원시결과'!C15 -> structured-selected | D11: ='원시결과'!D15 -> int8 | E11: ='원시결과'!H15 -> 완료 | F11: =IF('원시결과'!J15="","",'원시결과'!J15) -> 0.74008636 | G11: =IF('원시결과'!Q15="","",'원시결과'!Q15) -> 0.6023426 | H11: =IF('원시결과'!X15="","",'원시결과'!X15) -> 0.74121123 | I11: =IF(F11="","",F11-INDEX(F$2:F$23,MATCH("B01",$A$2:$A$23,0))) -> 0.002227433 | J11: =IF(G11="","",G11-INDEX(G$2:G$23,MATCH("B01",$A$2:$A$23,0))) -> -0.00030009719 | K11: =IF(H11="","",H11-INDEX(H$2:H$23,MATCH("B01",$A$2:$A$23,0))) -> 0.029204147 | L11: =IF('원시결과'!Z15="","",'원시결과'!Z15) -> 26.182796 | M11: =IF('원시결과'!AA15="","",'원시결과'!AA15) -> 27.425262 | N11: =IF('원시결과'!AB15="","",'원시결과'!AB15) -> 27.946538 | O11: =IF('원시결과'!AH15="","",'원시결과'!AH15) -> 38.459894 | P11: =IF('원시결과'!AE15="","",'원시결과'!AE15) -> 0.0084948439 | Q11: =IF('원시결과'!AF15="","",'원시결과'!AF15) -> 25.581456 | R11: =IF('원시결과'!AG15="","",'원시결과'!AG15) -> 26.68448 | S11: =IF('원시결과'!AI15="","",'원시결과'!AI15/1048576) -> 897.94336 | T11: =IF('원시결과'!AK15="","",'원시결과'!AK15/1048576) -> 64.811321 | U11: =IF(L11="","",(INDEX(L$2:L$23,MATCH("B01",$A$2:$A$23,0))-L11)/INDEX(L$2:L$23,MATCH("B01",$A$2:$A$23,0))) -> 0.42857597 | V11: =IF(L11="","",INDEX(L$2:L$23,MATCH("B01",$A$2:$A$23,0))/L11) -> 1.7500139 | W11: =IF(S11="","",(INDEX(S$2:S$23,MATCH("B01",$A$2:$A$23,0))-S11)/INDEX(S$2:S$23,MATCH("B01",$A$2:$A$23,0))) -> 0 | X11: =IF(T11="","",(INDEX(T$2:T$23,MATCH("B01",$A$2:$A$23,0))-T11)/INDEX(T$2:T$23,MATCH("B01",$A$2:$A$23,0))) -> 0.49890716 | Y11: TRUE | Z11: =AND(I11>=-'평가기준'!$B$10,J11>=-'평가기준'!$B$11,K11>=-'평가기준'!$B$12) -> TRUE | AA11: =AND(Y11,Z11) -> TRUE | AB11: FALSE | AC11: =P11>'평가기준'!$B$9 -> FALSE | AD11: =AND(Y11,M11>'평가기준'!$B$14) -> FALSE | AF11: =AND(Y11,L11<='평가기준'!$B$14) -> TRUE | AG11: =AND(AB11,AF11,NOT(AI11)) -> FALSE | AH11: FALSE | AI11: FALSE
A12: ='원시결과'!A16 -> C03 | B12: ='원시결과'!B16 -> combined | C12: ='원시결과'!C16 -> structured-resolution | D12: ='원시결과'!D16 -> fp32 | E12: ='원시결과'!H16 -> 완료 | F12: =IF('원시결과'!J16="","",'원시결과'!J16) -> 0.73188194 | G12: =IF('원시결과'!Q16="","",'원시결과'!Q16) -> 0.59399273 | H12: =IF('원시결과'!X16="","",'원시결과'!X16) -> 0.73530641 | I12: =IF(F12="","",F12-INDEX(F$2:F$23,MATCH("B01",$A$2:$A$23,0))) -> -0.0059769889 | J12: =IF(G12="","",G12-INDEX(G$2:G$23,MATCH("B01",$A$2:$A$23,0))) -> -0.0086499624 | K12: =IF(H12="","",H12-INDEX(H$2:H$23,MATCH("B01",$A$2:$A$23,0))) -> 0.023299333 | L12: =IF('원시결과'!Z16="","",'원시결과'!Z16) -> 36.296055 | M12: =IF('원시결과'!AA16="","",'원시결과'!AA16) -> 37.833982 | N12: =IF('원시결과'!AB16="","",'원시결과'!AB16) -> 38.435298 | O12: =IF('원시결과'!AH16="","",'원시결과'!AH16) -> 27.617473 | P12: =IF('원시결과'!AE16="","",'원시결과'!AE16) -> 0.0048770809 | Q12: =IF('원시결과'!AF16="","",'원시결과'!AF16) -> 35.864611 | R12: =IF('원시결과'!AG16="","",'원시결과'!AG16) -> 36.744365 | S12: =IF('원시결과'!AI16="","",'원시결과'!AI16/1048576) -> 893.18652 | T12: =IF('원시결과'!AK16="","",'원시결과'!AK16/1048576) -> 122.5941 | U12: =IF(L12="","",(INDEX(L$2:L$23,MATCH("B01",$A$2:$A$23,0))-L12)/INDEX(L$2:L$23,MATCH("B01",$A$2:$A$23,0))) -> 0.20786006 | V12: =IF(L12="","",INDEX(L$2:L$23,MATCH("B01",$A$2:$A$23,0))/L12) -> 1.2624032 | W12: =IF(S12="","",(INDEX(S$2:S$23,MATCH("B01",$A$2:$A$23,0))-S12)/INDEX(S$2:S$23,MATCH("B01",$A$2:$A$23,0))) -> 0.0052974788 | X12: =IF(T12="","",(INDEX(T$2:T$23,MATCH("B01",$A$2:$A$23,0))-T12)/INDEX(T$2:T$23,MATCH("B01",$A$2:$A$23,0))) -> 0.052155964 | Y12: TRUE | Z12: =AND(I12>=-'평가기준'!$B$10,J12>=-'평가기준'!$B$11,K12>=-'평가기준'!$B$12) -> TRUE | AA12: =AND(Y12,Z12) -> TRUE | AB12: FALSE | AC12: =P12>'평가기준'!$B$9 -> FALSE | AD12: =AND(Y12,M12>'평가기준'!$B$14) -> TRUE | AF12: =AND(Y12,L12<='평가기준'!$B$14) -> FALSE | AG12: =AND(AB12,AF12,NOT(AI12)) -> FALSE | AH12: FALSE | AI12: FALSE
A13: ='원시결과'!A17 -> C04 | B13: ='원시결과'!B17 -> combined | C13: ='원시결과'!C17 -> structured-resolution | D13: ='원시결과'!D17 -> fp32 | E13: ='원시결과'!H17 -> 완료 | F13: =IF('원시결과'!J17="","",'원시결과'!J17) -> 0.73104154 | G13: =IF('원시결과'!Q17="","",'원시결과'!Q17) -> 0.59960567 | H13: =IF('원시결과'!X17="","",'원시결과'!X17) -> 0.72817834 | I13: =IF(F13="","",F13-INDEX(F$2:F$23,MATCH("B01",$A$2:$A$23,0))) -> -0.0068173881 | J13: =IF(G13="","",G13-INDEX(G$2:G$23,MATCH("B01",$A$2:$A$23,0))) -> -0.0030370217 | K13: =IF(H13="","",H13-INDEX(H$2:H$23,MATCH("B01",$A$2:$A$23,0))) -> 0.016171259 | L13: =IF('원시결과'!Z17="","",'원시결과'!Z17) -> 41.973261 | M13: =IF('원시결과'!AA17="","",'원시결과'!AA17) -> 43.175509 | N13: =IF('원시결과'!AB17="","",'원시결과'!AB17) -> 43.628503 | O13: =IF('원시결과'!AH17="","",'원시결과'!AH17) -> 23.946158 | P13: =IF('원시결과'!AE17="","",'원시결과'!AE17) -> 0.0025527561 | Q13: =IF('원시결과'!AF17="","",'원시결과'!AF17) -> 41.689412 | R13: =IF('원시결과'!AG17="","",'원시결과'!AG17) -> 42.221568 | S13: =IF('원시결과'!AI17="","",'원시결과'!AI17/1048576) -> 896.27588 | T13: =IF('원시결과'!AK17="","",'원시결과'!AK17/1048576) -> 122.99456 | U13: =IF(L13="","",(INDEX(L$2:L$23,MATCH("B01",$A$2:$A$23,0))-L13)/INDEX(L$2:L$23,MATCH("B01",$A$2:$A$23,0))) -> 0.083958423 | V13: =IF(L13="","",INDEX(L$2:L$23,MATCH("B01",$A$2:$A$23,0))/L13) -> 1.0916535 | W13: =IF(S13="","",(INDEX(S$2:S$23,MATCH("B01",$A$2:$A$23,0))-S13)/INDEX(S$2:S$23,MATCH("B01",$A$2:$A$23,0))) -> 0.0018569996 | X13: =IF(T13="","",(INDEX(T$2:T$23,MATCH("B01",$A$2:$A$23,0))-T13)/INDEX(T$2:T$23,MATCH("B01",$A$2:$A$23,0))) -> 0.049059788 | Y13: TRUE | Z13: =AND(I13>=-'평가기준'!$B$10,J13>=-'평가기준'!$B$11,K13>=-'평가기준'!$B$12) -> TRUE | AA13: =AND(Y13,Z13) -> TRUE | AB13: FALSE | AC13: =P13>'평가기준'!$B$9 -> FALSE | AD13: =AND(Y13,M13>'평가기준'!$B$14) -> TRUE | AF13: =AND(Y13,L13<='평가기준'!$B$14) -> FALSE | AG13: =AND(AB13,AF13,NOT(AI13)) -> FALSE | AH13: FALSE | AI13: FALSE
A14: ='원시결과'!A18 -> R01 | B14: ='원시결과'!B18 -> input | C14: ='원시결과'!C18 -> input-resolution | D14: ='원시결과'!D18 -> fp16 | E14: ='원시결과'!H18 -> 완료 | F14: =IF('원시결과'!J18="","",'원시결과'!J18) -> 0.72879848 | G14: =IF('원시결과'!Q18="","",'원시결과'!Q18) -> 0.5941088 | H14: =IF('원시결과'!X18="","",'원시결과'!X18) -> 0.70343888 | I14: =IF(F14="","",F14-INDEX(F$2:F$23,MATCH("B01",$A$2:$A$23,0))) -> -0.0090604472 | J14: =IF(G14="","",G14-INDEX(G$2:G$23,MATCH("B01",$A$2:$A$23,0))) -> -0.0085338967 | K14: =IF(H14="","",H14-INDEX(H$2:H$23,MATCH("B01",$A$2:$A$23,0))) -> -0.0085681985 | L14: =IF('원시결과'!Z18="","",'원시결과'!Z18) -> 24.010296 | M14: =IF('원시결과'!AA18="","",'원시결과'!AA18) -> 25.820945 | N14: =IF('원시결과'!AB18="","",'원시결과'!AB18) -> 26.43698 | O14: =IF('원시결과'!AH18="","",'원시결과'!AH18) -> 41.484937 | P14: =IF('원시결과'!AE18="","",'원시결과'!AE18) -> 0.038248698 | Q14: =IF('원시결과'!AF18="","",'원시결과'!AF18) -> 21.728277 | R14: =IF('원시결과'!AG18="","",'원시결과'!AG18) -> 26.291219 | S14: =IF('원시결과'!AI18="","",'원시결과'!AI18/1048576) -> 893.18652 | T14: =IF('원시결과'!AK18="","",'원시결과'!AK18/1048576) -> 68.053616 | U14: =IF(L14="","",(INDEX(L$2:L$23,MATCH("B01",$A$2:$A$23,0))-L14)/INDEX(L$2:L$23,MATCH("B01",$A$2:$A$23,0))) -> 0.47598951 | V14: =IF(L14="","",INDEX(L$2:L$23,MATCH("B01",$A$2:$A$23,0))/L14) -> 1.9083587 | W14: =IF(S14="","",(INDEX(S$2:S$23,MATCH("B01",$A$2:$A$23,0))-S14)/INDEX(S$2:S$23,MATCH("B01",$A$2:$A$23,0))) -> 0.0052974788 | X14: =IF(T14="","",(INDEX(T$2:T$23,MATCH("B01",$A$2:$A$23,0))-T14)/INDEX(T$2:T$23,MATCH("B01",$A$2:$A$23,0))) -> 0.47383916 | Y14: TRUE | Z14: =AND(I14>=-'평가기준'!$B$10,J14>=-'평가기준'!$B$11,K14>=-'평가기준'!$B$12) -> TRUE | AA14: =AND(Y14,Z14) -> TRUE | AB14: TRUE | AC14: =P14>'평가기준'!$B$9 -> FALSE | AD14: =AND(Y14,M14>'평가기준'!$B$14) -> FALSE | AF14: =AND(Y14,L14<='평가기준'!$B$14) -> TRUE | AG14: =AND(AB14,AF14,NOT(AI14)) -> TRUE | AH14: FALSE | AI14: FALSE
A15: ='원시결과'!A19 -> R02 | B15: ='원시결과'!B19 -> input | C15: ='원시결과'!C19 -> input-resolution | D15: ='원시결과'!D19 -> fp32 | E15: ='원시결과'!H19 -> 완료 | F15: =IF('원시결과'!J19="","",'원시결과'!J19) -> 0.73297313 | G15: =IF('원시결과'!Q19="","",'원시결과'!Q19) -> 0.59972689 | H15: =IF('원시결과'!X19="","",'원시결과'!X19) -> 0.71075491 | I15: =IF(F15="","",F15-INDEX(F$2:F$23,MATCH("B01",$A$2:$A$23,0))) -> -0.0048857961 | J15: =IF(G15="","",G15-INDEX(G$2:G$23,MATCH("B01",$A$2:$A$23,0))) -> -0.0029158044 | K15: =IF(H15="","",H15-INDEX(H$2:H$23,MATCH("B01",$A$2:$A$23,0))) -> -0.0012521712 | L15: =IF('원시결과'!Z19="","",'원시결과'!Z19) -> 42.962943 | M15: =IF('원시결과'!AA19="","",'원시결과'!AA19) -> 44.720605 | N15: =IF('원시결과'!AB19="","",'원시결과'!AB19) -> 45.705335 | O15: =IF('원시결과'!AH19="","",'원시결과'!AH19) -> 23.342539 | P15: =IF('원시결과'!AE19="","",'원시결과'!AE19) -> 0.012593398 | Q15: =IF('원시결과'!AF19="","",'원시결과'!AF19) -> 41.474829 | R15: =IF('원시결과'!AG19="","",'원시결과'!AG19) -> 44.15383 | S15: =IF('원시결과'!AI19="","",'원시결과'!AI19/1048576) -> 896.27588 | T15: =IF('원시결과'!AK19="","",'원시결과'!AK19/1048576) -> 129.08879 | U15: =IF(L15="","",(INDEX(L$2:L$23,MATCH("B01",$A$2:$A$23,0))-L15)/INDEX(L$2:L$23,MATCH("B01",$A$2:$A$23,0))) -> 0.062359187 | V15: =IF(L15="","",INDEX(L$2:L$23,MATCH("B01",$A$2:$A$23,0))/L15) -> 1.0665065 | W15: =IF(S15="","",(INDEX(S$2:S$23,MATCH("B01",$A$2:$A$23,0))-S15)/INDEX(S$2:S$23,MATCH("B01",$A$2:$A$23,0))) -> 0.0018569996 | X15: =IF(T15="","",(INDEX(T$2:T$23,MATCH("B01",$A$2:$A$23,0))-T15)/INDEX(T$2:T$23,MATCH("B01",$A$2:$A$23,0))) -> 0.0019417979 | Y15: TRUE | Z15: =AND(I15>=-'평가기준'!$B$10,J15>=-'평가기준'!$B$11,K15>=-'평가기준'!$B$12) -> TRUE | AA15: =AND(Y15,Z15) -> TRUE | AB15: FALSE | AC15: =P15>'평가기준'!$B$9 -> FALSE | AD15: =AND(Y15,M15>'평가기준'!$B$14) -> TRUE | AF15: =AND(Y15,L15<='평가기준'!$B$14) -> FALSE | AG15: =AND(AB15,AF15,NOT(AI15)) -> FALSE | AH15: FALSE | AI15: FALSE
A16: ='원시결과'!A20 -> R03 | B16: ='원시결과'!B20 -> input | C16: ='원시결과'!C20 -> input-resolution | D16: ='원시결과'!D20 -> fp32 | E16: ='원시결과'!H20 -> 완료 | F16: =IF('원시결과'!J20="","",'원시결과'!J20) -> 0.72645641 | G16: =IF('원시결과'!Q20="","",'원시결과'!Q20) -> 0.58654093 | H16: =IF('원시결과'!X20="","",'원시결과'!X20) -> 0.7281028 | I16: =IF(F16="","",F16-INDEX(F$2:F$23,MATCH("B01",$A$2:$A$23,0))) -> -0.011402519 | J16: =IF(G16="","",G16-INDEX(G$2:G$23,MATCH("B01",$A$2:$A$23,0))) -> -0.016101768 | K16: =IF(H16="","",H16-INDEX(H$2:H$23,MATCH("B01",$A$2:$A$23,0))) -> 0.016095715 | L16: =IF('원시결과'!Z20="","",'원시결과'!Z20) -> 32.38641 | M16: =IF('원시결과'!AA20="","",'원시결과'!AA20) -> 34.875149 | N16: =IF('원시결과'!AB20="","",'원시결과'!AB20) -> 36.249679 | O16: =IF('원시결과'!AH20="","",'원시결과'!AH20) -> 30.724813 | P16: =IF('원시결과'!AE20="","",'원시결과'!AE20) -> 0.018478674 | Q16: =IF('원시결과'!AF20="","",'원시결과'!AF20) -> 30.924736 | R16: =IF('원시결과'!AG20="","",'원시결과'!AG20) -> 33.900695 | S16: =IF('원시결과'!AI20="","",'원시결과'!AI20/1048576) -> 890.42236 | T16: =IF('원시결과'!AK20="","",'원시결과'!AK20/1048576) -> 128.24633 | U16: =IF(L16="","",(INDEX(L$2:L$23,MATCH("B01",$A$2:$A$23,0))-L16)/INDEX(L$2:L$23,MATCH("B01",$A$2:$A$23,0))) -> 0.29318577 | V16: =IF(L16="","",INDEX(L$2:L$23,MATCH("B01",$A$2:$A$23,0))/L16) -> 1.4147989 | W16: =IF(S16="","",(INDEX(S$2:S$23,MATCH("B01",$A$2:$A$23,0))-S16)/INDEX(S$2:S$23,MATCH("B01",$A$2:$A$23,0))) -> 0.0083758023 | X16: =IF(T16="","",(INDEX(T$2:T$23,MATCH("B01",$A$2:$A$23,0))-T16)/INDEX(T$2:T$23,MATCH("B01",$A$2:$A$23,0))) -> 0.0084553947 | Y16: TRUE | Z16: =AND(I16>=-'평가기준'!$B$10,J16>=-'평가기준'!$B$11,K16>=-'평가기준'!$B$12) -> FALSE | AA16: =AND(Y16,Z16) -> FALSE | AB16: FALSE | AC16: =P16>'평가기준'!$B$9 -> FALSE | AD16: =AND(Y16,M16>'평가기준'!$B$14) -> TRUE | AE16: accuracy retention gate failed | AF16: =AND(Y16,L16<='평가기준'!$B$14) -> TRUE | AG16: =AND(AB16,AF16,NOT(AI16)) -> FALSE | AH16: FALSE | AI16: FALSE
A17: ='원시결과'!A21 -> Q01 | B17: ='원시결과'!B21 -> precision | C17: ='원시결과'!C21 -> modelopt-int8-smoothquant | D17: ='원시결과'!D21 -> int8 | E17: ='원시결과'!H21 -> 완료 | F17: =IF('원시결과'!J21="","",'원시결과'!J21) -> 0.59315186 | G17: =IF('원시결과'!Q21="","",'원시결과'!Q21) -> 0.47432176 | H17: =IF('원시결과'!X21="","",'원시결과'!X21) -> 0.65909655 | I17: =IF(F17="","",F17-INDEX(F$2:F$23,MATCH("B01",$A$2:$A$23,0))) -> -0.14470706 | J17: =IF(G17="","",G17-INDEX(G$2:G$23,MATCH("B01",$A$2:$A$23,0))) -> -0.12832093 | K17: =IF(H17="","",H17-INDEX(H$2:H$23,MATCH("B01",$A$2:$A$23,0))) -> -0.052910528 | L17: =IF('원시결과'!Z21="","",'원시결과'!Z21) -> 25.113972 | M17: =IF('원시결과'!AA21="","",'원시결과'!AA21) -> 27.84946 | N17: =IF('원시결과'!AB21="","",'원시결과'!AB21) -> 28.663698 | O17: =IF('원시결과'!AH21="","",'원시결과'!AH21) -> 39.343869 | P17: =IF('원시결과'!AE21="","",'원시결과'!AE21) -> 0.010949709 | Q17: =IF('원시결과'!AF21="","",'원시결과'!AF21) -> 24.424612 | R17: =IF('원시결과'!AG21="","",'원시결과'!AG21) -> 25.790606 | S17: =IF('원시결과'!AI21="","",'원시결과'!AI21/1048576) -> 897.94336 | T17: =IF('원시결과'!AK21="","",'원시결과'!AK21/1048576) -> 47.814732 | U17: =IF(L17="","",(INDEX(L$2:L$23,MATCH("B01",$A$2:$A$23,0))-L17)/INDEX(L$2:L$23,MATCH("B01",$A$2:$A$23,0))) -> 0.45190242 | V17: =IF(L17="","",INDEX(L$2:L$23,MATCH("B01",$A$2:$A$23,0))/L17) -> 1.8244926 | W17: =IF(S17="","",(INDEX(S$2:S$23,MATCH("B01",$A$2:$A$23,0))-S17)/INDEX(S$2:S$23,MATCH("B01",$A$2:$A$23,0))) -> 0 | X17: =IF(T17="","",(INDEX(T$2:T$23,MATCH("B01",$A$2:$A$23,0))-T17)/INDEX(T$2:T$23,MATCH("B01",$A$2:$A$23,0))) -> 0.63031737 | Y17: TRUE | Z17: =AND(I17>=-'평가기준'!$B$10,J17>=-'평가기준'!$B$11,K17>=-'평가기준'!$B$12) -> FALSE | AA17: =AND(Y17,Z17) -> FALSE | AB17: FALSE | AC17: =P17>'평가기준'!$B$9 -> FALSE | AD17: =AND(Y17,M17>'평가기준'!$B$14) -> FALSE | AE17: accuracy retention gate failed | AF17: =AND(Y17,L17<='평가기준'!$B$14) -> TRUE | AG17: =AND(AB17,AF17,NOT(AI17)) -> FALSE | AH17: FALSE | AI17: FALSE
A18: ='원시결과'!A22 -> Q02 | B18: ='원시결과'!B22 -> precision | C18: ='원시결과'!C22 -> modelopt-mixed-precision | D18: ='원시결과'!D22 -> mixed | E18: ='원시결과'!H22 -> 완료 | F18: =IF('원시결과'!J22="","",'원시결과'!J22) -> 0.59647515 | G18: =IF('원시결과'!Q22="","",'원시결과'!Q22) -> 0.48322281 | H18: =IF('원시결과'!X22="","",'원시결과'!X22) -> 0.65042712 | I18: =IF(F18="","",F18-INDEX(F$2:F$23,MATCH("B01",$A$2:$A$23,0))) -> -0.14138378 | J18: =IF(G18="","",G18-INDEX(G$2:G$23,MATCH("B01",$A$2:$A$23,0))) -> -0.11941988 | K18: =IF(H18="","",H18-INDEX(H$2:H$23,MATCH("B01",$A$2:$A$23,0))) -> -0.061579965 | L18: =IF('원시결과'!Z22="","",'원시결과'!Z22) -> 25.183494 | M18: =IF('원시결과'!AA22="","",'원시결과'!AA22) -> 27.596797 | N18: =IF('원시결과'!AB22="","",'원시결과'!AB22) -> 28.432948 | O18: =IF('원시결과'!AH22="","",'원시결과'!AH22) -> 39.310232 | P18: =IF('원시결과'!AE22="","",'원시결과'!AE22) -> 0.013184416 | Q18: =IF('원시결과'!AF22="","",'원시결과'!AF22) -> 24.479508 | R18: =IF('원시결과'!AG22="","",'원시결과'!AG22) -> 26.137444 | S18: =IF('원시결과'!AI22="","",'원시결과'!AI22/1048576) -> 897.94336 | T18: =IF('원시결과'!AK22="","",'원시결과'!AK22/1048576) -> 43.389851 | U18: =IF(L18="","",(INDEX(L$2:L$23,MATCH("B01",$A$2:$A$23,0))-L18)/INDEX(L$2:L$23,MATCH("B01",$A$2:$A$23,0))) -> 0.45038515 | V18: =IF(L18="","",INDEX(L$2:L$23,MATCH("B01",$A$2:$A$23,0))/L18) -> 1.8194559 | W18: =IF(S18="","",(INDEX(S$2:S$23,MATCH("B01",$A$2:$A$23,0))-S18)/INDEX(S$2:S$23,MATCH("B01",$A$2:$A$23,0))) -> 0 | X18: =IF(T18="","",(INDEX(T$2:T$23,MATCH("B01",$A$2:$A$23,0))-T18)/INDEX(T$2:T$23,MATCH("B01",$A$2:$A$23,0))) -> 0.66452862 | Y18: TRUE | Z18: =AND(I18>=-'평가기준'!$B$10,J18>=-'평가기준'!$B$11,K18>=-'평가기준'!$B$12) -> FALSE | AA18: =AND(Y18,Z18) -> FALSE | AB18: FALSE | AC18: =P18>'평가기준'!$B$9 -> FALSE | AD18: =AND(Y18,M18>'평가기준'!$B$14) -> FALSE | AE18: accuracy retention gate failed | AF18: =AND(Y18,L18<='평가기준'!$B$14) -> TRUE | AG18: =AND(AB18,AF18,NOT(AI18)) -> FALSE | AH18: FALSE | AI18: FALSE
A19: ='원시결과'!A23 -> Q03 | B19: ='원시결과'!B23 -> precision | C19: ='원시결과'!C23 -> modelopt-int4-weight-only | D19: ='원시결과'!D23 -> int4 | E19: ='원시결과'!H23 -> 엔진 생성 실패 | F19: =IF('원시결과'!J23="","",'원시결과'!J23) | G19: =IF('원시결과'!Q23="","",'원시결과'!Q23) | H19: =IF('원시결과'!X23="","",'원시결과'!X23) | I19: =IF(F19="","",F19-INDEX(F$2:F$23,MATCH("B01",$A$2:$A$23,0))) | J19: =IF(G19="","",G19-INDEX(G$2:G$23,MATCH("B01",$A$2:$A$23,0))) | K19: =IF(H19="","",H19-INDEX(H$2:H$23,MATCH("B01",$A$2:$A$23,0))) | L19: =IF('원시결과'!Z23="","",'원시결과'!Z23) | M19: =IF('원시결과'!AA23="","",'원시결과'!AA23) | N19: =IF('원시결과'!AB23="","",'원시결과'!AB23) | O19: =IF('원시결과'!AH23="","",'원시결과'!AH23) | P19: =IF('원시결과'!AE23="","",'원시결과'!AE23) | Q19: =IF('원시결과'!AF23="","",'원시결과'!AF23) | R19: =IF('원시결과'!AG23="","",'원시결과'!AG23) | S19: =IF('원시결과'!AI23="","",'원시결과'!AI23/1048576) | T19: =IF('원시결과'!AK23="","",'원시결과'!AK23/1048576) | U19: =IF(L19="","",(INDEX(L$2:L$23,MATCH("B01",$A$2:$A$23,0))-L19)/INDEX(L$2:L$23,MATCH("B01",$A$2:$A$23,0))) | V19: =IF(L19="","",INDEX(L$2:L$23,MATCH("B01",$A$2:$A$23,0))/L19) | W19: =IF(S19="","",(INDEX(S$2:S$23,MATCH("B01",$A$2:$A$23,0))-S19)/INDEX(S$2:S$23,MATCH("B01",$A$2:$A$23,0))) | X19: =IF(T19="","",(INDEX(T$2:T$23,MATCH("B01",$A$2:$A$23,0))-T19)/INDEX(T$2:T$23,MATCH("B01",$A$2:$A$23,0))) | Y19: FALSE | Z19: =AND(I19>=-'평가기준'!$B$10,J19>=-'평가기준'!$B$11,K19>=-'평가기준'!$B$12) -> FALSE | AA19: =AND(Y19,Z19) -> FALSE | AB19: FALSE | AC19: =P19>'평가기준'!$B$9 -> FALSE | AD19: =AND(Y19,M19>'평가기준'!$B$14) -> FALSE | AF19: =AND(Y19,L19<='평가기준'!$B$14) -> FALSE | AG19: =AND(AB19,AF19,NOT(AI19)) -> FALSE | AH19: FALSE | AI19: FALSE
A20: ='원시결과'!A24 -> Q04 | B20: ='원시결과'!B24 -> precision | C20: ='원시결과'!C24 -> modelopt-fp8 | D20: ='원시결과'!D24 -> fp8 | E20: ='원시결과'!H24 -> 완료 | F20: =IF('원시결과'!J24="","",'원시결과'!J24) -> 0.0035799376 | G20: =IF('원시결과'!Q24="","",'원시결과'!Q24) -> 0.37022621 | H20: =IF('원시결과'!X24="","",'원시결과'!X24) -> 0.45309709 | I20: =IF(F20="","",F20-INDEX(F$2:F$23,MATCH("B01",$A$2:$A$23,0))) -> -0.73427899 | J20: =IF(G20="","",G20-INDEX(G$2:G$23,MATCH("B01",$A$2:$A$23,0))) -> -0.23241649 | K20: =IF(H20="","",H20-INDEX(H$2:H$23,MATCH("B01",$A$2:$A$23,0))) -> -0.25890999 | L20: =IF('원시결과'!Z24="","",'원시결과'!Z24) -> 37.993878 | M20: =IF('원시결과'!AA24="","",'원시결과'!AA24) -> 40.587289 | N20: =IF('원시결과'!AB24="","",'원시결과'!AB24) -> 41.894203 | O20: =IF('원시결과'!AH24="","",'원시결과'!AH24) -> 26.097191 | P20: =IF('원시결과'!AE24="","",'원시결과'!AE24) -> 0.0057853307 | Q20: =IF('원시결과'!AF24="","",'원시결과'!AF24) -> 37.494978 | R20: =IF('원시결과'!AG24="","",'원시결과'!AG24) -> 38.588505 | S20: =IF('원시결과'!AI24="","",'원시결과'!AI24/1048576) -> 897.94336 | T20: =IF('원시결과'!AK24="","",'원시결과'!AK24/1048576) -> 48.076389 | U20: =IF(L20="","",(INDEX(L$2:L$23,MATCH("B01",$A$2:$A$23,0))-L20)/INDEX(L$2:L$23,MATCH("B01",$A$2:$A$23,0))) -> 0.17080609 | V20: =IF(L20="","",INDEX(L$2:L$23,MATCH("B01",$A$2:$A$23,0))/L20) -> 1.2059905 | W20: =IF(S20="","",(INDEX(S$2:S$23,MATCH("B01",$A$2:$A$23,0))-S20)/INDEX(S$2:S$23,MATCH("B01",$A$2:$A$23,0))) -> 0 | X20: =IF(T20="","",(INDEX(T$2:T$23,MATCH("B01",$A$2:$A$23,0))-T20)/INDEX(T$2:T$23,MATCH("B01",$A$2:$A$23,0))) -> 0.62829435 | Y20: TRUE | Z20: =AND(I20>=-'평가기준'!$B$10,J20>=-'평가기준'!$B$11,K20>=-'평가기준'!$B$12) -> FALSE | AA20: =AND(Y20,Z20) -> FALSE | AB20: FALSE | AC20: =P20>'평가기준'!$B$9 -> FALSE | AD20: =AND(Y20,M20>'평가기준'!$B$14) -> TRUE | AE20: accuracy retention gate failed | AF20: =AND(Y20,L20<='평가기준'!$B$14) -> FALSE | AG20: =AND(AB20,AF20,NOT(AI20)) -> FALSE | AH20: FALSE | AI20: FALSE
A21: ='원시결과'!A25 -> Q05 | B21: ='원시결과'!B25 -> precision | C21: ='원시결과'!C25 -> modelopt-fp8-mixed | D21: ='원시결과'!D25 -> mixed | E21: ='원시결과'!H25 -> 완료 | F21: =IF('원시결과'!J25="","",'원시결과'!J25) -> 0.73580424 | G21: =IF('원시결과'!Q25="","",'원시결과'!Q25) -> 0.59809771 | H21: =IF('원시결과'!X25="","",'원시결과'!X25) -> 0.71015111 | I21: =IF(F21="","",F21-INDEX(F$2:F$23,MATCH("B01",$A$2:$A$23,0))) -> -0.0020546883 | J21: =IF(G21="","",G21-INDEX(G$2:G$23,MATCH("B01",$A$2:$A$23,0))) -> -0.004544984 | K21: =IF(H21="","",H21-INDEX(H$2:H$23,MATCH("B01",$A$2:$A$23,0))) -> -0.0018559669 | L21: =IF('원시결과'!Z25="","",'원시결과'!Z25) -> 43.332562 | M21: =IF('원시결과'!AA25="","",'원시결과'!AA25) -> 45.668077 | N21: =IF('원시결과'!AB25="","",'원시결과'!AB25) -> 46.642388 | O21: =IF('원시결과'!AH25="","",'원시결과'!AH25) -> 22.974608 | P21: =IF('원시결과'!AE25="","",'원시결과'!AE25) -> 0.010580088 | Q21: =IF('원시결과'!AF25="","",'원시결과'!AF25) -> 42.1564 | R21: =IF('원시결과'!AG25="","",'원시결과'!AG25) -> 44.432343 | S21: =IF('원시결과'!AI25="","",'원시결과'!AI25/1048576) -> 897.94336 | T21: =IF('원시결과'!AK25="","",'원시결과'!AK25/1048576) -> 111.83229 | U21: =IF(L21="","",(INDEX(L$2:L$23,MATCH("B01",$A$2:$A$23,0))-L21)/INDEX(L$2:L$23,MATCH("B01",$A$2:$A$23,0))) -> 0.054292461 | V21: =IF(L21="","",INDEX(L$2:L$23,MATCH("B01",$A$2:$A$23,0))/L21) -> 1.0574094 | W21: =IF(S21="","",(INDEX(S$2:S$23,MATCH("B01",$A$2:$A$23,0))-S21)/INDEX(S$2:S$23,MATCH("B01",$A$2:$A$23,0))) -> 0 | X21: =IF(T21="","",(INDEX(T$2:T$23,MATCH("B01",$A$2:$A$23,0))-T21)/INDEX(T$2:T$23,MATCH("B01",$A$2:$A$23,0))) -> 0.13536158 | Y21: TRUE | Z21: =AND(I21>=-'평가기준'!$B$10,J21>=-'평가기준'!$B$11,K21>=-'평가기준'!$B$12) -> TRUE | AA21: =AND(Y21,Z21) -> TRUE | AB21: FALSE | AC21: =P21>'평가기준'!$B$9 -> FALSE | AD21: =AND(Y21,M21>'평가기준'!$B$14) -> TRUE | AF21: =AND(Y21,L21<='평가기준'!$B$14) -> FALSE | AG21: =AND(AB21,AF21,NOT(AI21)) -> FALSE | AH21: FALSE | AI21: FALSE
A22: ='원시결과'!A26 -> Q06 | B22: ='원시결과'!B26 -> precision | C22: ='원시결과'!C26 -> modelopt-fp8-mixed-kld | D22: ='원시결과'!D26 -> mixed | E22: ='원시결과'!H26 -> 완료 | F22: =IF('원시결과'!J26="","",'원시결과'!J26) -> 0.0040757509 | G22: =IF('원시결과'!Q26="","",'원시결과'!Q26) -> 0.35405566 | H22: =IF('원시결과'!X26="","",'원시결과'!X26) -> 0.45658584 | I22: =IF(F22="","",F22-INDEX(F$2:F$23,MATCH("B01",$A$2:$A$23,0))) -> -0.73378318 | J22: =IF(G22="","",G22-INDEX(G$2:G$23,MATCH("B01",$A$2:$A$23,0))) -> -0.24858704 | K22: =IF(H22="","",H22-INDEX(H$2:H$23,MATCH("B01",$A$2:$A$23,0))) -> -0.25542124 | L22: =IF('원시결과'!Z26="","",'원시결과'!Z26) -> 39.408903 | M22: =IF('원시결과'!AA26="","",'원시결과'!AA26) -> 41.529231 | N22: =IF('원시결과'!AB26="","",'원시결과'!AB26) -> 43.243382 | O22: =IF('원시결과'!AH26="","",'원시결과'!AH26) -> 25.222507 | P22: =IF('원시결과'!AE26="","",'원시결과'!AE26) -> 0.0023100932 | Q22: =IF('원시결과'!AF26="","",'원시결과'!AF26) -> 39.192264 | R22: =IF('원시결과'!AG26="","",'원시결과'!AG26) -> 39.644714 | S22: =IF('원시결과'!AI26="","",'원시결과'!AI26/1048576) -> 897.94336 | T22: =IF('원시결과'!AK26="","",'원시결과'!AK26/1048576) -> 64.766766 | U22: =IF(L22="","",(INDEX(L$2:L$23,MATCH("B01",$A$2:$A$23,0))-L22)/INDEX(L$2:L$23,MATCH("B01",$A$2:$A$23,0))) -> 0.13992401 | V22: =IF(L22="","",INDEX(L$2:L$23,MATCH("B01",$A$2:$A$23,0))/L22) -> 1.162688 | W22: =IF(S22="","",(INDEX(S$2:S$23,MATCH("B01",$A$2:$A$23,0))-S22)/INDEX(S$2:S$23,MATCH("B01",$A$2:$A$23,0))) -> 0 | X22: =IF(T22="","",(INDEX(T$2:T$23,MATCH("B01",$A$2:$A$23,0))-T22)/INDEX(T$2:T$23,MATCH("B01",$A$2:$A$23,0))) -> 0.49925164 | Y22: TRUE | Z22: =AND(I22>=-'평가기준'!$B$10,J22>=-'평가기준'!$B$11,K22>=-'평가기준'!$B$12) -> FALSE | AA22: =AND(Y22,Z22) -> FALSE | AB22: FALSE | AC22: =P22>'평가기준'!$B$9 -> FALSE | AD22: =AND(Y22,M22>'평가기준'!$B$14) -> TRUE | AE22: accuracy retention gate failed | AF22: =AND(Y22,L22<='평가기준'!$B$14) -> FALSE | AG22: =AND(AB22,AF22,NOT(AI22)) -> FALSE | AH22: FALSE | AI22: FALSE
A23: ='원시결과'!A27 -> Q07 | B23: ='원시결과'!B27 -> precision | C23: ='원시결과'!C27 -> modelopt-fp8-mixed | D23: ='원시결과'!D27 -> mixed | E23: ='원시결과'!H27 -> 완료 | F23: =IF('원시결과'!J27="","",'원시결과'!J27) -> 0.028162096 | G23: =IF('원시결과'!Q27="","",'원시결과'!Q27) -> 0.35792475 | H23: =IF('원시결과'!X27="","",'원시결과'!X27) -> 0.42892599 | I23: =IF(F23="","",F23-INDEX(F$2:F$23,MATCH("B01",$A$2:$A$23,0))) -> -0.70969683 | J23: =IF(G23="","",G23-INDEX(G$2:G$23,MATCH("B01",$A$2:$A$23,0))) -> -0.24471795 | K23: =IF(H23="","",H23-INDEX(H$2:H$23,MATCH("B01",$A$2:$A$23,0))) -> -0.2830811 | L23: =IF('원시결과'!Z27="","",'원시결과'!Z27) -> 38.298552 | M23: =IF('원시결과'!AA27="","",'원시결과'!AA27) -> 40.826149 | N23: =IF('원시결과'!AB27="","",'원시결과'!AB27) -> 41.821874 | O23: =IF('원시결과'!AH27="","",'원시결과'!AH27) -> 25.908286 | P23: =IF('원시결과'!AE27="","",'원시결과'!AE27) -> 0.0088803786 | Q23: =IF('원시결과'!AF27="","",'원시결과'!AF27) -> 37.53412 | R23: =IF('원시결과'!AG27="","",'원시결과'!AG27) -> 39.227627 | S23: =IF('원시결과'!AI27="","",'원시결과'!AI27/1048576) -> 897.94336 | T23: =IF('원시결과'!AK27="","",'원시결과'!AK27/1048576) -> 52.9874 | U23: =IF(L23="","",(INDEX(L$2:L$23,MATCH("B01",$A$2:$A$23,0))-L23)/INDEX(L$2:L$23,MATCH("B01",$A$2:$A$23,0))) -> 0.16415677 | V23: =IF(L23="","",INDEX(L$2:L$23,MATCH("B01",$A$2:$A$23,0))/L23) -> 1.1963966 | W23: =IF(S23="","",(INDEX(S$2:S$23,MATCH("B01",$A$2:$A$23,0))-S23)/INDEX(S$2:S$23,MATCH("B01",$A$2:$A$23,0))) -> 0 | X23: =IF(T23="","",(INDEX(T$2:T$23,MATCH("B01",$A$2:$A$23,0))-T23)/INDEX(T$2:T$23,MATCH("B01",$A$2:$A$23,0))) -> 0.59032456 | Y23: TRUE | Z23: =AND(I23>=-'평가기준'!$B$10,J23>=-'평가기준'!$B$11,K23>=-'평가기준'!$B$12) -> FALSE | AA23: =AND(Y23,Z23) -> FALSE | AB23: FALSE | AC23: =P23>'평가기준'!$B$9 -> FALSE | AD23: =AND(Y23,M23>'평가기준'!$B$14) -> TRUE | AE23: accuracy retention gate failed | AF23: =AND(Y23,L23<='평가기준'!$B$14) -> FALSE | AG23: =AND(AB23,AF23,NOT(AI23)) -> FALSE | AH23: FALSE | AI23: FALSE

Sheet 실패·제외
A1: ID | B1: 단계 | C1: 상태 | D1: 불통·제외 사유 | E1: 후속 조치
A2: U01 | B2: 1차 정적평가 | C2: 불통 | D2: ONNX 크기·node·dense MACs 중 어느 항목도 사전 고정 5% 감소 기준을 충족하지 못함 | E2: 후보 산출물/근거 수정 후 1차 재평가
A3: U02 | B3: 1차 정적평가 | C3: 불통 | D3: ONNX 크기·node·dense MACs 중 어느 항목도 사전 고정 5% 감소 기준을 충족하지 못함 | E3: 후보 산출물/근거 수정 후 1차 재평가
A4: U03 | B4: 1차 정적평가 | C4: 불통 | D4: ONNX 크기·node·dense MACs 중 어느 항목도 사전 고정 5% 감소 기준을 충족하지 못함 | E4: 후보 산출물/근거 수정 후 1차 재평가
A5: S03 | B5: 1차 정적평가 | C5: 불통 | D5: ONNX 크기·node·dense MACs 중 어느 항목도 사전 고정 5% 감소 기준을 충족하지 못함 | E5: 후보 산출물/근거 수정 후 1차 재평가
A6: Q03 | B6: 2차 노트북평가 | C6: 엔진 생성 실패 | D6: returncode=1; log=results/stage2-notebook-logs/Q03-build.log | E6: 후보 로그 확인 후 동일 환경에서 재실행
A7: B01 | B7: 배포 기준 | C7: 30 FPS 미달 | D7: median latency가 33.33 ms를 초과 | E7: Pareto 결과에는 보존하되 실시간 배포 후보에서 제외
A8: M01 | B8: Pareto 사전 gate | C8: 제외 | D8: accuracy retention gate failed | E8: 실측값은 보존하되 최종 Pareto 대상에서 제외
A9: M02 | B9: Pareto 사전 gate | C9: 제외 | D9: accuracy retention gate failed | E9: 실측값은 보존하되 최종 Pareto 대상에서 제외
A10: S01 | B10: 배포 기준 | C10: 30 FPS 미달 | D10: median latency가 33.33 ms를 초과 | E10: Pareto 결과에는 보존하되 실시간 배포 후보에서 제외
A11: S02 | B11: Pareto 사전 gate | C11: 제외 | D11: accuracy retention gate failed | E11: 실측값은 보존하되 최종 Pareto 대상에서 제외
A12: S04 | B12: Pareto 사전 gate | C12: 제외 | D12: accuracy retention gate failed | E12: 실측값은 보존하되 최종 Pareto 대상에서 제외
... A22: Q07 | B22: Pareto 사전 gate | C22: 제외 | D22: accuracy retention gate failed | E22: 실측값은 보존하되 최종 Pareto 대상에서 제외

Sheet 클래스별 정확도
A1: ID | B1: Class ID | C1: Class | D1: BBox AP | E1: BBox AP50 | F1: BBox AP75 | G1: BBox AR100 | H1: Mask AP | I1: Mask AP50 | J1: Mask AP75 | K1: Mask AR100 | L1: Semantic IoU
A2: B01 | B2: 0 | C2: front
A3: B01 | B3: 1 | C3: out_line | D3: 0.5061163 | E3: 0.83155174 | F3: 0.51035512 | G3: 0.78365759 | H3: 0.20397705 | I3: 0.56824356 | J3: 0.10926188 | K3: 0.44941634 | L3: 0.45894282
A4: B01 | B4: 2 | C4: parking_lot | D4: 0.84892912 | E4: 0.95630275 | F4: 0.89743239 | G4: 0.94632768 | H4: 0.80855742 | I4: 0.95806114 | J4: 0.88976517 | K4: 0.88983051 | L4: 0.79204291
A5: B01 | B5: 3 | C5: parking_space | D5: 0.85853136 | E5: 0.99276737 | F5: 0.96864732 | G5: 0.9081761 | H5: 0.79539362 | I5: 0.99346064 | J5: 0.9474086 | K5: 0.84968553 | L5: 0.88503551
A6: B02 | B6: 0 | C6: front
A7: B02 | B7: 1 | C7: out_line | D7: 0.50361054 | E7: 0.83489296 | F7: 0.5042114 | G7: 0.78054475 | H7: 0.20177502 | I7: 0.56126803 | J7: 0.10850704 | K7: 0.44941634 | L7: 0.46024847
A8: B02 | B8: 2 | C8: parking_lot | D8: 0.85481449 | E8: 0.95444402 | F8: 0.90235339 | G8: 0.9480226 | H8: 0.81036486 | I8: 0.95723242 | J8: 0.89818362 | K8: 0.88983051 | L8: 0.79532588
A9: B02 | B9: 3 | C9: parking_space | D9: 0.866234 | E9: 0.99317839 | F9: 0.9726951 | G9: 0.91257862 | H9: 0.79302519 | I9: 0.99398183 | J9: 0.93969028 | K9: 0.85283019 | L9: 0.88596839
A10: B03 | B10: 0 | C10: front
A11: B03 | B11: 1 | C11: out_line | D11: 0.50632632 | E11: 0.83797279 | F11: 0.50857245 | G11: 0.77782101 | H11: 0.20228016 | I11: 0.56824954 | J11: 0.10961613 | K11: 0.44785992 | L11: 0.4595296
A12: B03 | B12: 2 | C12: parking_lot | D12: 0.85504649 | E12: 0.95374973 | F12: 0.90335674 | G12: 0.94858757 | H12: 0.81039426 | I12: 0.95651839 | J12: 0.89445312 | K12: 0.89039548 | L12: 0.79167797
A13: B03 | B13: 3 | C13: parking_space | D13: 0.86519757 | E13: 0.99330973 | F13: 0.97392051 | G13: 0.90880503 | H13: 0.79557506 | I13: 0.99406051 | J13: 0.93819546 | K13: 0.8509434 | L13: 0.88612348
A14: M01 | B14: 0 | C14: front
A15: M01 | B15: 1 | C15: out_line | D15: 0.41576024 | E15: 0.8277487 | F15: 0.36177396 | G15: 0.63735409 | H15: 0.15972121 | I15: 0.51260049 | J15: 0.072701259 | K15: 0.39066148 | L15: 0.49726658
A16: M01 | B16: 2 | C16: parking_lot | D16: 0.75177889 | E16: 0.91474702 | F16: 0.83377275 | G16: 0.91129944 | H16: 0.71380815 | I16: 0.92592315 | J16: 0.8002784 | K16: 0.85028249 | L16: 0.76899288
A17: M01 | B17: 3 | C17: parking_space | D17: 0.73620948 | E17: 0.97731391 | F17: 0.89799739 | G17: 0.81446541 | H17: 0.68043507 | I17: 0.97049611 | J17: 0.80460498 | K17: 0.79119497 | L17: 0.78161129
A18: M02 | B18: 0 | C18: front
A19: M02 | B19: 1 | C19: out_line | D19: 0.4240743 | E19: 0.82409905 | F19: 0.39190409 | G19: 0.63657588 | H19: 0.15920015 | I19: 0.50047142 | J19: 0.073143814 | K19: 0.38326848 | L19: 0.49772196
A20: M02 | B20: 2 | C20: parking_lot | D20: 0.73684361 | E20: 0.91770043 | F20: 0.82095409 | G20: 0.90508475 | H20: 0.70656208 | I20: 0.92521036 | J20: 0.79602762 | K20: 0.84519774 | L20: 0.75355873
A21: M02 | B21: 3 | C21: parking_space | D21: 0.73622317 | E21: 0.97361899 | F21: 0.88802281 | G21: 0.81320755 | H21: 0.67878186 | I21: 0.96743655 | J21: 0.8065418 | K21: 0.78867925 | L21: 0.77402782
A22: S01 | B22: 0 | C22: front
A23: S01 | B23: 1 | C23: out_line | D23: 0.51371613 | E23: 0.84905395 | F23: 0.49032685 | G23: 0.77743191 | H23: 0.20502441 | I23: 0.57865798 | J23: 0.11411342 | K23: 0.44708171 | L23: 0.4952006
A24: S01 | B24: 2 | C24: parking_lot | D24: 0.85900572 | E24: 0.96399304 | F24: 0.91869674 | G24: 0.93898305 | H24: 0.81862743 | I24: 0.96399013 | J24: 0.91699794 | K24: 0.89152542 | L24: 0.82706949
A25: S01 | B25: 3 | C25: parking_space | D25: 0.84427596 | E25: 0.98865393 | F25: 0.96317374 | G25: 0.90440252 | H25: 0.78303817 | I25: 0.98865393 | J25: 0.94633038 | K25: 0.85534591 | L25: 0.87942835
A26: S02 | B26: 0 | C26: front
A27: S02 | B27: 1 | C27: out_line | D27: 0.50259236 | E27: 0.84215163 | F27: 0.49181271 | G27: 0.77859922 | H27: 0.19815837 | I27: 0.54704313 | J27: 0.11312693 | K27: 0.42801556 | L27: 0.56784393
A28: S02 | B28: 2 | C28: parking_lot | D28: 0.8168934 | E28: 0.94518609 | F28: 0.86038259 | G28: 0.94180791 | H28: 0.77994861 | I28: 0.94532242 | J28: 0.86215422 | K28: 0.8920904 | L28: 0.81426799
A29: S02 | B29: 3 | C29: parking_space | D29: 0.82887824 | E29: 0.98623198 | F29: 0.97306579 | G29: 0.90628931 | H29: 0.77701895 | I29: 0.98158789 | J29: 0.94050368 | K29: 0.85220126 | L29: 0.87727402
A30: S04 | B30: 0 | C30: front
A31: S04 | B31: 1 | C31: out_line | D31: 0.25966777 | E31: 0.71384555 | F31: 0.099150078 | G31: 0.57859922 | H31: 0.15514671 | I31: 0.50344169 | J31: 0.053807794 | K31: 0.44202335 | L31: 0.49662572
A32: S04 | B32: 2 | C32: parking_lot | D32: 0.6230842 | E32: 0.88388369 | F32: 0.78212644 | G32: 0.82372881 | H32: 0.70469632 | I32: 0.90356075 | J32: 0.81174022 | K32: 0.87457627 | L32: 0.68258365
A33: S04 | B33: 3 | C33: parking_space | D33: 0.67140294 | E33: 0.97913147 | F33: 0.8725149 | G33: 0.7591195 | H33: 0.70420698 | I33: 0.98251372 | J33: 0.79854863 | K33: 0.82138365 | L33: 0.76346349
A34: C01 | B34: 0 | C34: front
A35: C01 | B35: 1 | C35: out_line | D35: 0.50709545 | E35: 0.850653 | F35: 0.4959242 | G35: 0.7766537 | H35: 0.2021818 | I35: 0.56842864 | J35: 0.10398167 | K35: 0.44824903 | L35: 0.49270622
A36: C01 | B36: 2 | C36: parking_lot | D36: 0.86222036 | E36: 0.96614639 | F36: 0.91533707 | G36: 0.94463277 | H36: 0.81924523 | I36: 0.96502531 | J36: 0.91660257 | K36: 0.8920904 | L36: 0.83687835
A37: C01 | B37: 3 | C37: parking_space | D37: 0.84647789 | E37: 0.9910238 | F37: 0.96621377 | G37: 0.90440252 | H37: 0.78730875 | I37: 0.9910238 | J37: 0.94814606 | K37: 0.86037736 | L37: 0.88048404
A38: C02 | B38: 0 | C38: front
A39: C02 | B39: 1 | C39: out_line | D39: 0.51166923 | E39: 0.84927628 | F39: 0.50453072 | G39: 0.77821012 | H39: 0.20051367 | I39: 0.57450778 | J39: 0.10205248 | K39: 0.45019455 | L39: 0.51056561
A40: C02 | B40: 2 | C40: parking_lot | D40: 0.86039758 | E40: 0.96660687 | F40: 0.91010763 | G40: 0.94180791 | H40: 0.8174966 | I40: 0.96544322 | J40: 0.91395223 | K40: 0.89265537 | L40: 0.84074559
A41: C02 | B41: 3 | C41: parking_space | D41: 0.84819227 | E41: 0.99100497 | F41: 0.96923569 | G41: 0.90503145 | H41: 0.78901753 | I41: 0.99100497 | J41: 0.94606569 | K41: 0.85974843 | L41: 0.87232248
A42: C03 | B42: 0 | C42: front
A43: C03 | B43: 1 | C43: out_line | D43: 0.48805094 | E43: 0.83298476 | F43: 0.47826578 | G43: 0.75525292 | H43: 0.1779325 | I43: 0.55404979 | J43: 0.088440836 | K43: 0.40622568 | L43: 0.51088469
A44: C03 | B44: 2 | C44: parking_lot | D44: 0.85726128 | E44: 0.96744891 | F44: 0.91470428 | G44: 0.93898305 | H44: 0.81768631 | I44: 0.96656225 | J44: 0.90654059 | K44: 0.89039548 | L44: 0.81194046
A45: C03 | B45: 3 | C45: parking_space | D45: 0.85033359 | E45: 0.99622703 | F45: 0.98329379 | G45: 0.90691824 | H45: 0.78635939 | I45: 0.99622703 | J45: 0.96097223 | K45: 0.85660377 | L45: 0.8830941
A46: C04 | B46: 0 | C46: front
A47: C04 | B47: 1 | C47: out_line | D47: 0.49217896 | E47: 0.84902033 | F47: 0.47196823 | G47: 0.77042802 | H47: 0.1987652 | I47: 0.57322171 | J47: 0.097439277 | K47: 0.4459144 | L47: 0.47495135
A48: C04 | B48: 2 | C48: parking_lot | D48: 0.85785825 | E48: 0.96786742 | F48: 0.89865272 | G48: 0.93898305 | H48: 0.816188 | I48: 0.9673196 | J48: 0.90705831 | K48: 0.88418079 | L48: 0.82708166
A49: C04 | B49: 3 | C49: parking_space | D49: 0.8430874 | E49: 0.99252851 | F49: 0.97896243 | G49: 0.90566038 | H49: 0.78386383 | I49: 0.99228673 | J49: 0.93265748 | K49: 0.85283019 | L49: 0.88250202
A50: R01 | B50: 0 | C50: front
A51: R01 | B51: 1 | C51: out_line | D51: 0.47966498 | E51: 0.82352058 | F51: 0.47065144 | G51: 0.75486381 | H51: 0.1814942 | I51: 0.54504789 | J51: 0.088254221 | K51: 0.40428016 | L51: 0.4461057
A52: R01 | B52: 2 | C52: parking_lot | D52: 0.85126568 | E52: 0.95471927 | F52: 0.90105516 | G52: 0.94576271 | H52: 0.80515287 | I52: 0.95736121 | J52: 0.88828729 | K52: 0.88870056 | L52: 0.78145642
A53: R01 | B53: 3 | C53: parking_space | D53: 0.85546478 | E53: 0.99565023 | F53: 0.96941623 | G53: 0.90314465 | H53: 0.79567932 | I53: 0.99565023 | J53: 0.9318173 | K53: 0.84968553 | L53: 0.88275453
A54: R02 | B54: 0 | C54: front
A55: R02 | B55: 1 | C55: out_line | D55: 0.47562404 | E55: 0.82491134 | F55: 0.45729724 | G55: 0.77587549 | H55: 0.18918447 | I55: 0.56629052 | J55: 0.095068032 | K55: 0.44435798 | L55: 0.45988293
A56: R02 | B56: 2 | C56: parking_lot | D56: 0.85751498 | E56: 0.95733329 | F56: 0.8989142 | G56: 0.9480226 | H56: 0.81296359 | I56: 0.96359589 | J56: 0.89516596 | K56: 0.88813559 | L56: 0.78622502
A57: R02 | B57: 3 | C57: parking_space | D57: 0.86578037 | E57: 0.99346815 | F57: 0.98068564 | G57: 0.91069182 | H57: 0.79703262 | I57: 0.9940021 | J57: 0.92461921 | K57: 0.8490566 | L57: 0.88615678
A58: R03 | B58: 0 | C58: front
A59: R03 | B59: 1 | C59: out_line | D59: 0.46147851 | E59: 0.8373865 | F59: 0.4318996 | G59: 0.74163424 | H59: 0.15866447 | I59: 0.49254557 | J59: 0.074337551 | K59: 0.37081712 | L59: 0.50043211
A60: R03 | B60: 2 | C60: parking_lot | D60: 0.85712343 | E60: 0.96659388 | F60: 0.90524326 | G60: 0.95310734 | H60: 0.80626066 | I60: 0.96355449 | J60: 0.89671474 | K60: 0.88644068 | L60: 0.80653724
A61: R03 | B61: 3 | C61: parking_space | D61: 0.86076729 | E61: 0.99487116 | F61: 0.96320303 | G61: 0.90943396 | H61: 0.79469765 | I61: 0.99087848 | J61: 0.94540673 | K61: 0.84842767 | L61: 0.87733905
A62: Q01 | B62: 0 | C62: front
A63: Q01 | B63: 1 | C63: out_line | D63: 0.26164853 | E63: 0.5128817 | F63: 0.23707461 | G63: 0.58949416 | H63: 0.036763082 | I63: 0.11767744 | J63: 0.01455526 | K63: 0.14513619 | L63: 0.37679865
A64: Q01 | B64: 2 | C64: parking_lot | D64: 0.75557923 | E64: 0.9573602 | F64: 0.86141609 | G64: 0.89548023 | H64: 0.74815929 | I64: 0.95483185 | J64: 0.86947721 | K64: 0.85141243 | L64: 0.79006732
A65: Q01 | B65: 3 | C65: parking_space | D65: 0.76222782 | E65: 0.98749548 | F65: 0.92476419 | G65: 0.82767296 | H65: 0.63804291 | I65: 0.98418076 | J65: 0.75158186 | K65: 0.73522013 | L65: 0.81042369
A66: Q02 | B66: 0 | C66: front
A67: Q02 | B67: 1 | C67: out_line | D67: 0.25935503 | E67: 0.52356653 | F67: 0.22686636 | G67: 0.59027237 | H67: 0.038336497 | I67: 0.11765594 | J67: 0.01519341 | K67: 0.15019455 | L67: 0.37205787
A68: Q02 | B68: 2 | C68: parking_lot | D68: 0.76485431 | E68: 0.96199167 | F68: 0.8623195 | G68: 0.89491525 | H68: 0.756284 | I68: 0.96212207 | J68: 0.87729552 | K68: 0.84689266 | L68: 0.78340112
A69: Q02 | B69: 3 | C69: parking_space | D69: 0.7652161 | E69: 0.99179248 | F69: 0.91869498 | G69: 0.82515723 | H69: 0.65504794 | I69: 0.98952471 | J69: 0.83086109 | K69: 0.74716981 | L69: 0.79582236
A70: Q04 | B70: 0 | C70: front
A71: Q04 | B71: 1 | C71: out_line | D71: 0.0010975931 | E71: 0.0082679973 | F71: 4.3310447e-06 | G71: 0.073929961 | H71: 0.15499626 | I71: 0.48389293 | J71: 0.039500225 | K71: 0.4381323 | L71: 0.52616661
A72: Q04 | B72: 2 | C72: parking_lot | D72: 0.0080602711 | E72: 0.056314207 | F72: 4.1829278e-06 | G72: 0.23615819 | H72: 0.5700357 | I72: 0.7777189 | J72: 0.60866342 | K72: 0.86779661 | L72: 0.63913947
A73: Q04 | B73: 3 | C73: parking_space | D73: 0.0015819484 | E73: 0.0093355635 | F73: 8.0169645e-05 | G73: 0.1490566 | H73: 0.38564667 | I73: 0.66213665 | J73: 0.46041791 | K73: 0.83018868 | L73: 0.19398519
A74: Q05 | B74: 0 | C74: front
A75: Q05 | B75: 1 | C75: out_line | D75: 0.49748744 | E75: 0.83389562 | F75: 0.49555394 | G75: 0.77859922 | H75: 0.20168737 | I75: 0.55889637 | J75: 0.10876739 | K75: 0.44435798 | L75: 0.45809138
A76: Q05 | B76: 2 | C76: parking_lot | D76: 0.85134436 | E76: 0.95252519 | F76: 0.8975784 | G76: 0.95141243 | H76: 0.80777025 | I76: 0.95460539 | J76: 0.88957381 | K76: 0.89152542 | L76: 0.7896016
A77: Q05 | B77: 3 | C77: parking_space | D77: 0.85858091 | E77: 0.99207728 | F77: 0.97239318 | G77: 0.90566038 | H77: 0.78483551 | I77: 0.99292417 | J77: 0.93518383 | K77: 0.84842767 | L77: 0.88276037
A78: Q06 | B78: 0 | C78: front
A79: Q06 | B79: 1 | C79: out_line | D79: 0.00087049775 | E79: 0.0058090907 | F79: 7.0969752e-07 | G79: 0.071984436 | H79: 0.16165609 | I79: 0.51501032 | J79: 0.063172767 | K79: 0.44319066 | L79: 0.53074262
A80: Q06 | B80: 2 | C80: parking_lot | D80: 0.0093027283 | E80: 0.059847244 | F80: 8.4481764e-06 | G80: 0.2440678 | H80: 0.52174193 | I80: 0.72598138 | J80: 0.55543798 | K80: 0.8779661 | L80: 0.67252657
A81: Q06 | B81: 3 | C81: parking_space | D81: 0.0020540266 | E81: 0.01330684 | F81: 8.9256013e-05 | G81: 0.15597484 | H81: 0.37876896 | I81: 0.62542751 | J81: 0.41623635 | K81: 0.8327044 | L81: 0.16648834
A82: Q07 | B82: 0 | C82: front
A83: Q07 | B83: 1 | C83: out_line | D83: 0.007789652 | E83: 0.042080984 | F83: 7.9080115e-05 | G83: 0.22373541 | H83: 0.1512411 | I83: 0.4724501 | J83: 0.050254142 | K83: 0.44163424 | L83: 0.51273811
A84: Q07 | B84: 2 | C84: parking_lot | D84: 0.044337054 | E84: 0.21775643 | F84: 0.0019571115 | G84: 0.4559322 | H84: 0.55256243 | I84: 0.74335938 | J84: 0.60862952 | K84: 0.88248588 | L84: 0.6454422
A85: Q07 | B85: 3 | C85: parking_space | D85: 0.032359583 | E85: 0.1571968 | F85: 0.0018174751 | G85: 0.39119497 | H85: 0.3699707 | I85: 0.59028417 | J85: 0.42070752 | K85: 0.84779874 | L85: 0.12859764

Sheet 반복측정
A1: ID | B1: 전체 반복 | C1: 측정 라운드 | D1: 라운드 내 반복 | E1: 공식 결과 | F1: 표본 이미지 | G1: Warm-up | H1: 측정 횟수 | I1: Mean ms | J1: Median ms | K1: P95 ms | L1: P99 ms | M1: IQR ms | N1: CV | O1: FPS | P1: GPU allocated bytes | Q1: GPU reserved bytes | R1: Engine SHA256 | S1: 고정 이미지 목록
A2: B01 | B2: 1 | C2: 1 | D2: 1 | E2: 예 | F2: 32 | G2: 20 | H2: 200 | I2: 46.034489 | J2: 45.865367 | K2: 48.099785 | L2: 48.969116 | M2: 1.6576425 | N2: 0.025273679 | O2: 21.722843 | P2: 941561856 | Q2: 1000341504 | R2: b7800a7c51d9163f3b88030919f15231ff1b262cad9feac52bbd09081684ef6d | S2: ["data/training/front_session_split_v1/test/frame_000450_20251222_185548_650683_png.rf.f886b6674daf7e61d260f15392cb6e2d.jpg", "data/training/front_session_split_v1/test/frame_000390_20251222_185542_654132_png.rf.9608dad84ebc0177a4baa50ef6d4ae9b.jpg", "data/training/front_session_split_v1/test/frame_000365_20251222_185540_855819_png.rf.aa64dd48b02706eda1a1773cc59e56eb.jpg", "data/training/front_session_split_v1/test/frame_000385_20251222_185128_715776_png.rf.27a7bfa4676fd71a0d2761cfa74051d7.jpg", "data/training/front_session_split_v1/test/frame_000035_20251222_185053_715333_png.rf.b297d59f7aefbacd0f089f53ce052fe6.jpg", "data/training/front_session_split_v1/test/frame_000650_20251222_185609_451066_png.rf.eea47f71052090a574a0e754700f0cde.jpg", "data/training/front_session_split_v1/test/frame_000445_20251222_185134_704359_png.rf.80f8eba6fd317f1e09c80d19948d7114.jpg", "data/training/front_session_split_v1/test/frame_001025_20251222_185647_014213_png.rf.396b5eddd4437f8cfd0bd2741b593e7c.jpg", "data/training/front_session_split_v1/test/frame_000740_20251222_185618_346599_png.rf.2c4d3e81bbe92304fd0fd14ad1a26b77.jpg", "data/training/front_session_split_v1/test/frame_000380_20251222_185128_218918_png.rf.25c806b4b979ba80c601192270a1b47c.jpg", "data/training/front_session_split_v1/test/frame_000230_20251222_185113_213642_png.rf.a311ce3be9c71af600e7d8c83e8c68d2.jpg", "data/training/front_session_split_v1/test/frame_000240_20251222_185527_773394_png.rf.9bc8dbe1efb16cb27bcd999511dadc7f.jpg", "data/training/front_session_split_v1/test/frame_001090_20251222_185652_962498_png.rf.dc4692e2ebf79697c54bf1414a383b15.jpg", "data/training/front_session_split_v1/test/frame_000400_20251222_185544_165307_png.rf.0352bc82dfec1135f44cc442b6c97aa7.jpg", "data/training/front_session_split_v1/test/frame_000535_20251222_185557_771757_png.rf.fdbaa085bbee34892cd2c35d876acc70.jpg", "data/training/front_session_split_v1/test/frame_000465_20251222_185551_051211_png.rf.a77475620cd1f6f3bca4e0e248a0aa4c.jpg", "data/training/front_session_split_v1/test/frame_000740_20251222_185204_209151_png.rf.1d2e3dd2081181e682772fc61a195802.jpg", "data/training/front_session_split_v1/test/frame_000730_20251222_185203_208909_png.rf.6e29e1c21763af5180aca1aa1c0df20e.jpg", "data/training/front_session_split_v1/test/frame_001270_20251222_185710_958761_png.rf.173a650605b16fd282204268cbdd3cb5.jpg", "data/training/front_session_split_v1/test/frame_000015_20251222_185505_141245_png.rf.083169be4c59f254b8dd55eaa60dff8a.jpg", "data/training/front_session_split_v1/test/frame_000945_20251222_185638_130298_png.rf.932dd3e7e9370238d293c4f6b43160cc.jpg", "data/training/front_session_split_v1/test/frame_001145_20251222_185658_106075_png.rf.159821e61c26043adc78a14cad4d9ee2.jpg", "data/training/front_session_split_v1/test/frame_000935_20251222_185637_827275_png.rf.eaf2142eeb319c5713e8367bf8467f01.jpg", "data/training/front_session_split_v1/test/frame_000525_20251222_185556_950850_png.rf.4632cf93ae87a00ddd9e453555b762a2.jpg", "data/training/front_session_split_v1/test/frame_000510_20251222_185141_203980_png.rf.621f5b5831b0c932f4e85471633dfebb.jpg", "data/training/front_session_split_v1/test/frame_000770_20251222_185207_208228_png.rf.40e0e59756ca162f2ccfb6f3cd0d9182.jpg", "data/training/front_session_split_v1/test/frame_000010_20251222_185051_226632_png.rf.e7375e71bc35957e9622deec0c58ac82.jpg", "data/training/front_session_split_v1/test/frame_000200_20251222_185110_223204_png.rf.d40e018ad946de628d77075dccd3f8df.jpg", "data/training/front_session_split_v1/test/frame_000405_20251222_185544_209867_png.rf.60620b6b98b588e98b0523e2957ea3a5.jpg", "data/training/front_session_split_v1/test/frame_000770_20251222_185620_883577_png.rf.50147362b40560c390a5cbe5981bf038.jpg", "data/training/front_session_split_v1/test/frame_000475_20251222_185551_151363_png.rf.e7abd3f2eeeb9f4507bf7406208df206.jpg", "data/training/front_session_split_v1/test/frame_000155_20251222_185105_722040_png.rf.9ec6efc78f776091f07ecb76751f04d4.jpg"]
A3: B01 | B3: 2 | C3: 1 | D3: 2 | E3: 예 | F3: 32 | G3: 20 | H3: 200 | I3: 45.990707 | J3: 45.774185 | K3: 48.676408 | L3: 49.422744 | M3: 1.6276048 | N3: 0.029708075 | O3: 21.743523 | P3: 941561856 | Q3: 1000341504 | R3: b7800a7c51d9163f3b88030919f15231ff1b262cad9feac52bbd09081684ef6d | S3: ["data/training/front_session_split_v1/test/frame_000450_20251222_185548_650683_png.rf.f886b6674daf7e61d260f15392cb6e2d.jpg", "data/training/front_session_split_v1/test/frame_000390_20251222_185542_654132_png.rf.9608dad84ebc0177a4baa50ef6d4ae9b.jpg", "data/training/front_session_split_v1/test/frame_000365_20251222_185540_855819_png.rf.aa64dd48b02706eda1a1773cc59e56eb.jpg", "data/training/front_session_split_v1/test/frame_000385_20251222_185128_715776_png.rf.27a7bfa4676fd71a0d2761cfa74051d7.jpg", "data/training/front_session_split_v1/test/frame_000035_20251222_185053_715333_png.rf.b297d59f7aefbacd0f089f53ce052fe6.jpg", "data/training/front_session_split_v1/test/frame_000650_20251222_185609_451066_png.rf.eea47f71052090a574a0e754700f0cde.jpg", "data/training/front_session_split_v1/test/frame_000445_20251222_185134_704359_png.rf.80f8eba6fd317f1e09c80d19948d7114.jpg", "data/training/front_session_split_v1/test/frame_001025_20251222_185647_014213_png.rf.396b5eddd4437f8cfd0bd2741b593e7c.jpg", "data/training/front_session_split_v1/test/frame_000740_20251222_185618_346599_png.rf.2c4d3e81bbe92304fd0fd14ad1a26b77.jpg", "data/training/front_session_split_v1/test/frame_000380_20251222_185128_218918_png.rf.25c806b4b979ba80c601192270a1b47c.jpg", "data/training/front_session_split_v1/test/frame_000230_20251222_185113_213642_png.rf.a311ce3be9c71af600e7d8c83e8c68d2.jpg", "data/training/front_session_split_v1/test/frame_000240_20251222_185527_773394_png.rf.9bc8dbe1efb16cb27bcd999511dadc7f.jpg", "data/training/front_session_split_v1/test/frame_001090_20251222_185652_962498_png.rf.dc4692e2ebf79697c54bf1414a383b15.jpg", "data/training/front_session_split_v1/test/frame_000400_20251222_185544_165307_png.rf.0352bc82dfec1135f44cc442b6c97aa7.jpg", "data/training/front_session_split_v1/test/frame_000535_20251222_185557_771757_png.rf.fdbaa085bbee34892cd2c35d876acc70.jpg", "data/training/front_session_split_v1/test/frame_000465_20251222_185551_051211_png.rf.a77475620cd1f6f3bca4e0e248a0aa4c.jpg", "data/training/front_session_split_v1/test/frame_000740_20251222_185204_209151_png.rf.1d2e3dd2081181e682772fc61a195802.jpg", "data/training/front_session_split_v1/test/frame_000730_20251222_185203_208909_png.rf.6e29e1c21763af5180aca1aa1c0df20e.jpg", "data/training/front_session_split_v1/test/frame_001270_20251222_185710_958761_png.rf.173a650605b16fd282204268cbdd3cb5.jpg", "data/training/front_session_split_v1/test/frame_000015_20251222_185505_141245_png.rf.083169be4c59f254b8dd55eaa60dff8a.jpg", "data/training/front_session_split_v1/test/frame_000945_20251222_185638_130298_png.rf.932dd3e7e9370238d293c4f6b43160cc.jpg", "data/training/front_session_split_v1/test/frame_001145_20251222_185658_106075_png.rf.159821e61c26043adc78a14cad4d9ee2.jpg", "data/training/front_session_split_v1/test/frame_000935_20251222_185637_827275_png.rf.eaf2142eeb319c5713e8367bf8467f01.jpg", "data/training/front_session_split_v1/test/frame_000525_20251222_185556_950850_png.rf.4632cf93ae87a00ddd9e453555b762a2.jpg", "data/training/front_session_split_v1/test/frame_000510_20251222_185141_203980_png.rf.621f5b5831b0c932f4e85471633dfebb.jpg", "data/training/front_session_split_v1/test/frame_000770_20251222_185207_208228_png.rf.40e0e59756ca162f2ccfb6f3cd0d9182.jpg", "data/training/front_session_split_v1/test/frame_000010_20251222_185051_226632_png.rf.e7375e71bc35957e9622deec0c58ac82.jpg", "data/training/front_session_split_v1/test/frame_000200_20251222_185110_223204_png.rf.d40e018ad946de628d77075dccd3f8df.jpg", "data/training/front_session_split_v1/test/frame_000405_20251222_185544_209867_png.rf.60620b6b98b588e98b0523e2957ea3a5.jpg", "data/training/front_session_split_v1/test/frame_000770_20251222_185620_883577_png.rf.50147362b40560c390a5cbe5981bf038.jpg", "data/training/front_session_split_v1/test/frame_000475_20251222_185551_151363_png.rf.e7abd3f2eeeb9f4507bf7406208df206.jpg", "data/training/front_session_split_v1/test/frame_000155_20251222_185105_722040_png.rf.9ec6efc78f776091f07ecb76751f04d4.jpg"]
A4: B01 | B4: 3 | C4: 1 | D4: 3 | E4: 예 | F4: 32 | G4: 20 | H4: 200 | I4: 46.041279 | J4: 45.762356 | K4: 48.640122 | L4: 49.340698 | M4: 1.66218 | N4: 0.028685487 | O4: 21.71964 | P4: 941561856 | Q4: 1000341504 | R4: b7800a7c51d9163f3b88030919f15231ff1b262cad9feac52bbd09081684ef6d | S4: ["data/training/front_session_split_v1/test/frame_000450_20251222_185548_650683_png.rf.f886b6674daf7e61d260f15392cb6e2d.jpg", "data/training/front_session_split_v1/test/frame_000390_20251222_185542_654132_png.rf.9608dad84ebc0177a4baa50ef6d4ae9b.jpg", "data/training/front_session_split_v1/test/frame_000365_20251222_185540_855819_png.rf.aa64dd48b02706eda1a1773cc59e56eb.jpg", "data/training/front_session_split_v1/test/frame_000385_20251222_185128_715776_png.rf.27a7bfa4676fd71a0d2761cfa74051d7.jpg", "data/training/front_session_split_v1/test/frame_000035_20251222_185053_715333_png.rf.b297d59f7aefbacd0f089f53ce052fe6.jpg", "data/training/front_session_split_v1/test/frame_000650_20251222_185609_451066_png.rf.eea47f71052090a574a0e754700f0cde.jpg", "data/training/front_session_split_v1/test/frame_000445_20251222_185134_704359_png.rf.80f8eba6fd317f1e09c80d19948d7114.jpg", "data/training/front_session_split_v1/test/frame_001025_20251222_185647_014213_png.rf.396b5eddd4437f8cfd0bd2741b593e7c.jpg", "data/training/front_session_split_v1/test/frame_000740_20251222_185618_346599_png.rf.2c4d3e81bbe92304fd0fd14ad1a26b77.jpg", "data/training/front_session_split_v1/test/frame_000380_20251222_185128_218918_png.rf.25c806b4b979ba80c601192270a1b47c.jpg", "data/training/front_session_split_v1/test/frame_000230_20251222_185113_213642_png.rf.a311ce3be9c71af600e7d8c83e8c68d2.jpg", "data/training/front_session_split_v1/test/frame_000240_20251222_185527_773394_png.rf.9bc8dbe1efb16cb27bcd999511dadc7f.jpg", "data/training/front_session_split_v1/test/frame_001090_20251222_185652_962498_png.rf.dc4692e2ebf79697c54bf1414a383b15.jpg", "data/training/front_session_split_v1/test/frame_000400_20251222_185544_165307_png.rf.0352bc82dfec1135f44cc442b6c97aa7.jpg", "data/training/front_session_split_v1/test/frame_000535_20251222_185557_771757_png.rf.fdbaa085bbee34892cd2c35d876acc70.jpg", "data/training/front_session_split_v1/test/frame_000465_20251222_185551_051211_png.rf.a77475620cd1f6f3bca4e0e248a0aa4c.jpg", "data/training/front_session_split_v1/test/frame_000740_20251222_185204_209151_png.rf.1d2e3dd2081181e682772fc61a195802.jpg", "data/training/front_session_split_v1/test/frame_000730_20251222_185203_208909_png.rf.6e29e1c21763af5180aca1aa1c0df20e.jpg", "data/training/front_session_split_v1/test/frame_001270_20251222_185710_958761_png.rf.173a650605b16fd282204268cbdd3cb5.jpg", "data/training/front_session_split_v1/test/frame_000015_20251222_185505_141245_png.rf.083169be4c59f254b8dd55eaa60dff8a.jpg", "data/training/front_session_split_v1/test/frame_000945_20251222_185638_130298_png.rf.932dd3e7e9370238d293c4f6b43160cc.jpg", "data/training/front_session_split_v1/test/frame_001145_20251222_185658_106075_png.rf.159821e61c26043adc78a14cad4d9ee2.jpg", "data/training/front_session_split_v1/test/frame_000935_20251222_185637_827275_png.rf.eaf2142eeb319c5713e8367bf8467f01.jpg", "data/training/front_session_split_v1/test/frame_000525_20251222_185556_950850_png.rf.4632cf93ae87a00ddd9e453555b762a2.jpg", "data/training/front_session_split_v1/test/frame_000510_20251222_185141_203980_png.rf.621f5b5831b0c932f4e85471633dfebb.jpg", "data/training/front_session_split_v1/test/frame_000770_20251222_185207_208228_png.rf.40e0e59756ca162f2ccfb6f3cd0d9182.jpg", "data/training/front_session_split_v1/test/frame_000010_20251222_185051_226632_png.rf.e7375e71bc35957e9622deec0c58ac82.jpg", "data/training/front_session_split_v1/test/frame_000200_20251222_185110_223204_png.rf.d40e018ad946de628d77075dccd3f8df.jpg", "data/training/front_session_split_v1/test/frame_000405_20251222_185544_209867_png.rf.60620b6b98b588e98b0523e2957ea3a5.jpg", "data/training/front_session_split_v1/test/frame_000770_20251222_185620_883577_png.rf.50147362b40560c390a5cbe5981bf038.jpg", "data/training/front_session_split_v1/test/frame_000475_20251222_185551_151363_png.rf.e7abd3f2eeeb9f4507bf7406208df206.jpg", "data/training/front_session_split_v1/test/frame_000155_20251222_185105_722040_png.rf.9ec6efc78f776091f07ecb76751f04d4.jpg"]
A5: B02 | B5: 1 | C5: 1 | D5: 1 | E5: 예 | F5: 32 | G5: 20 | H5: 200 | I5: 25.691387 | J5: 25.510872 | K5: 27.935183 | L5: 29.052361 | M5: 1.4250967 | N5: 0.044560933 | O5: 38.923551 | P5: 941561856 | Q5: 1000341504 | R5: eedabbb239942a30399e9f1b59b0f8a0c9d76097de80e4efd466535a9b879185 | S5: ["data/training/front_session_split_v1/test/frame_000450_20251222_185548_650683_png.rf.f886b6674daf7e61d260f15392cb6e2d.jpg", "data/training/front_session_split_v1/test/frame_000390_20251222_185542_654132_png.rf.9608dad84ebc0177a4baa50ef6d4ae9b.jpg", "data/training/front_session_split_v1/test/frame_000365_20251222_185540_855819_png.rf.aa64dd48b02706eda1a1773cc59e56eb.jpg", "data/training/front_session_split_v1/test/frame_000385_20251222_185128_715776_png.rf.27a7bfa4676fd71a0d2761cfa74051d7.jpg", "data/training/front_session_split_v1/test/frame_000035_20251222_185053_715333_png.rf.b297d59f7aefbacd0f089f53ce052fe6.jpg", "data/training/front_session_split_v1/test/frame_000650_20251222_185609_451066_png.rf.eea47f71052090a574a0e754700f0cde.jpg", "data/training/front_session_split_v1/test/frame_000445_20251222_185134_704359_png.rf.80f8eba6fd317f1e09c80d19948d7114.jpg", "data/training/front_session_split_v1/test/frame_001025_20251222_185647_014213_png.rf.396b5eddd4437f8cfd0bd2741b593e7c.jpg", "data/training/front_session_split_v1/test/frame_000740_20251222_185618_346599_png.rf.2c4d3e81bbe92304fd0fd14ad1a26b77.jpg", "data/training/front_session_split_v1/test/frame_000380_20251222_185128_218918_png.rf.25c806b4b979ba80c601192270a1b47c.jpg", "data/training/front_session_split_v1/test/frame_000230_20251222_185113_213642_png.rf.a311ce3be9c71af600e7d8c83e8c68d2.jpg", "data/training/front_session_split_v1/test/frame_000240_20251222_185527_773394_png.rf.9bc8dbe1efb16cb27bcd999511dadc7f.jpg", "data/training/front_session_split_v1/test/frame_001090_20251222_185652_962498_png.rf.dc4692e2ebf79697c54bf1414a383b15.jpg", "data/training/front_session_split_v1/test/frame_000400_20251222_185544_165307_png.rf.0352bc82dfec1135f44cc442b6c97aa7.jpg", "data/training/front_session_split_v1/test/frame_000535_20251222_185557_771757_png.rf.fdbaa085bbee34892cd2c35d876acc70.jpg", "data/training/front_session_split_v1/test/frame_000465_20251222_185551_051211_png.rf.a77475620cd1f6f3bca4e0e248a0aa4c.jpg", "data/training/front_session_split_v1/test/frame_000740_20251222_185204_209151_png.rf.1d2e3dd2081181e682772fc61a195802.jpg", "data/training/front_session_split_v1/test/frame_000730_20251222_185203_208909_png.rf.6e29e1c21763af5180aca1aa1c0df20e.jpg", "data/training/front_session_split_v1/test/frame_001270_20251222_185710_958761_png.rf.173a650605b16fd282204268cbdd3cb5.jpg", "data/training/front_session_split_v1/test/frame_000015_20251222_185505_141245_png.rf.083169be4c59f254b8dd55eaa60dff8a.jpg", "data/training/front_session_split_v1/test/frame_000945_20251222_185638_130298_png.rf.932dd3e7e9370238d293c4f6b43160cc.jpg", "data/training/front_session_split_v1/test/frame_001145_20251222_185658_106075_png.rf.159821e61c26043adc78a14cad4d9ee2.jpg", "data/training/front_session_split_v1/test/frame_000935_20251222_185637_827275_png.rf.eaf2142eeb319c5713e8367bf8467f01.jpg", "data/training/front_session_split_v1/test/frame_000525_20251222_185556_950850_png.rf.4632cf93ae87a00ddd9e453555b762a2.jpg", "data/training/front_session_split_v1/test/frame_000510_20251222_185141_203980_png.rf.621f5b5831b0c932f4e85471633dfebb.jpg", "data/training/front_session_split_v1/test/frame_000770_20251222_185207_208228_png.rf.40e0e59756ca162f2ccfb6f3cd0d9182.jpg", "data/training/front_session_split_v1/test/frame_000010_20251222_185051_226632_png.rf.e7375e71bc35957e9622deec0c58ac82.jpg", "data/training/front_session_split_v1/test/frame_000200_20251222_185110_223204_png.rf.d40e018ad946de628d77075dccd3f8df.jpg", "data/training/front_session_split_v1/test/frame_000405_20251222_185544_209867_png.rf.60620b6b98b588e98b0523e2957ea3a5.jpg", "data/training/front_session_split_v1/test/frame_000770_20251222_185620_883577_png.rf.50147362b40560c390a5cbe5981bf038.jpg", "data/training/front_session_split_v1/test/frame_000475_20251222_185551_151363_png.rf.e7abd3f2eeeb9f4507bf7406208df206.jpg", "data/training/front_session_split_v1/test/frame_000155_20251222_185105_722040_png.rf.9ec6efc78f776091f07ecb76751f04d4.jpg"]
A6: B02 | B6: 2 | C6: 1 | D6: 2 | E6: 예 | F6: 32 | G6: 20 | H6: 200 | I6: 26.664797 | J6: 26.786088 | K6: 28.288123 | L6: 30.437282 | M6: 1.7433255 | N6: 0.054410749 | O6: 37.502629 | P6: 941561856 | Q6: 1000341504 | R6: eedabbb239942a30399e9f1b59b0f8a0c9d76097de80e4efd466535a9b879185 | S6: ["data/training/front_session_split_v1/test/frame_000450_20251222_185548_650683_png.rf.f886b6674daf7e61d260f15392cb6e2d.jpg", "data/training/front_session_split_v1/test/frame_000390_20251222_185542_654132_png.rf.9608dad84ebc0177a4baa50ef6d4ae9b.jpg", "data/training/front_session_split_v1/test/frame_000365_20251222_185540_855819_png.rf.aa64dd48b02706eda1a1773cc59e56eb.jpg", "data/training/front_session_split_v1/test/frame_000385_20251222_185128_715776_png.rf.27a7bfa4676fd71a0d2761cfa74051d7.jpg", "data/training/front_session_split_v1/test/frame_000035_20251222_185053_715333_png.rf.b297d59f7aefbacd0f089f53ce052fe6.jpg", "data/training/front_session_split_v1/test/frame_000650_20251222_185609_451066_png.rf.eea47f71052090a574a0e754700f0cde.jpg", "data/training/front_session_split_v1/test/frame_000445_20251222_185134_704359_png.rf.80f8eba6fd317f1e09c80d19948d7114.jpg", "data/training/front_session_split_v1/test/frame_001025_20251222_185647_014213_png.rf.396b5eddd4437f8cfd0bd2741b593e7c.jpg", "data/training/front_session_split_v1/test/frame_000740_20251222_185618_346599_png.rf.2c4d3e81bbe92304fd0fd14ad1a26b77.jpg", "data/training/front_session_split_v1/test/frame_000380_20251222_185128_218918_png.rf.25c806b4b979ba80c601192270a1b47c.jpg", "data/training/front_session_split_v1/test/frame_000230_20251222_185113_213642_png.rf.a311ce3be9c71af600e7d8c83e8c68d2.jpg", "data/training/front_session_split_v1/test/frame_000240_20251222_185527_773394_png.rf.9bc8dbe1efb16cb27bcd999511dadc7f.jpg", "data/training/front_session_split_v1/test/frame_001090_20251222_185652_962498_png.rf.dc4692e2ebf79697c54bf1414a383b15.jpg", "data/training/front_session_split_v1/test/frame_000400_20251222_185544_165307_png.rf.0352bc82dfec1135f44cc442b6c97aa7.jpg", "data/training/front_session_split_v1/test/frame_000535_20251222_185557_771757_png.rf.fdbaa085bbee34892cd2c35d876acc70.jpg", "data/training/front_session_split_v1/test/frame_000465_20251222_185551_051211_png.rf.a77475620cd1f6f3bca4e0e248a0aa4c.jpg", "data/training/front_session_split_v1/test/frame_000740_20251222_185204_209151_png.rf.1d2e3dd2081181e682772fc61a195802.jpg", "data/training/front_session_split_v1/test/frame_000730_20251222_185203_208909_png.rf.6e29e1c21763af5180aca1aa1c0df20e.jpg", "data/training/front_session_split_v1/test/frame_001270_20251222_185710_958761_png.rf.173a650605b16fd282204268cbdd3cb5.jpg", "data/training/front_session_split_v1/test/frame_000015_20251222_185505_141245_png.rf.083169be4c59f254b8dd55eaa60dff8a.jpg", "data/training/front_session_split_v1/test/frame_000945_20251222_185638_130298_png.rf.932dd3e7e9370238d293c4f6b43160cc.jpg", "data/training/front_session_split_v1/test/frame_001145_20251222_185658_106075_png.rf.159821e61c26043adc78a14cad4d9ee2.jpg", "data/training/front_session_split_v1/test/frame_000935_20251222_185637_827275_png.rf.eaf2142eeb319c5713e8367bf8467f01.jpg", "data/training/front_session_split_v1/test/frame_000525_20251222_185556_950850_png.rf.4632cf93ae87a00ddd9e453555b762a2.jpg", "data/training/front_session_split_v1/test/frame_000510_20251222_185141_203980_png.rf.621f5b5831b0c932f4e85471633dfebb.jpg", "data/training/front_session_split_v1/test/frame_000770_20251222_185207_208228_png.rf.40e0e59756ca162f2ccfb6f3cd0d9182.jpg", "data/training/front_session_split_v1/test/frame_000010_20251222_185051_226632_png.rf.e7375e71bc35957e9622deec0c58ac82.jpg", "data/training/front_session_split_v1/test/frame_000200_20251222_185110_223204_png.rf.d40e018ad946de628d77075dccd3f8df.jpg", "data/training/front_session_split_v1/test/frame_000405_20251222_185544_209867_png.rf.60620b6b98b588e98b0523e2957ea3a5.jpg", "data/training/front_session_split_v1/test/frame_000770_20251222_185620_883577_png.rf.50147362b40560c390a5cbe5981bf038.jpg", "data/training/front_session_split_v1/test/frame_000475_20251222_185551_151363_png.rf.e7abd3f2eeeb9f4507bf7406208df206.jpg", "data/training/front_session_split_v1/test/frame_000155_20251222_185105_722040_png.rf.9ec6efc78f776091f07ecb76751f04d4.jpg"]
A7: B02 | B7: 3 | C7: 1 | D7: 3 | E7: 예 | F7: 32 | G7: 20 | H7: 200 | I7: 25.763014 | J7: 25.479179 | K7: 28.151196 | L7: 30.274446 | M7: 0.9582775 | N7: 0.045058435 | O7: 38.815335 | P7: 941561856 | Q7: 1000341504 | R7: eedabbb239942a30399e9f1b59b0f8a0c9d76097de80e4efd466535a9b879185 | S7: ["data/training/front_session_split_v1/test/frame_000450_20251222_185548_650683_png.rf.f886b6674daf7e61d260f15392cb6e2d.jpg", "data/training/front_session_split_v1/test/frame_000390_20251222_185542_654132_png.rf.9608dad84ebc0177a4baa50ef6d4ae9b.jpg", "data/training/front_session_split_v1/test/frame_000365_20251222_185540_855819_png.rf.aa64dd48b02706eda1a1773cc59e56eb.jpg", "data/training/front_session_split_v1/test/frame_000385_20251222_185128_715776_png.rf.27a7bfa4676fd71a0d2761cfa74051d7.jpg", "data/training/front_session_split_v1/test/frame_000035_20251222_185053_715333_png.rf.b297d59f7aefbacd0f089f53ce052fe6.jpg", "data/training/front_session_split_v1/test/frame_000650_20251222_185609_451066_png.rf.eea47f71052090a574a0e754700f0cde.jpg", "data/training/front_session_split_v1/test/frame_000445_20251222_185134_704359_png.rf.80f8eba6fd317f1e09c80d19948d7114.jpg", "data/training/front_session_split_v1/test/frame_001025_20251222_185647_014213_png.rf.396b5eddd4437f8cfd0bd2741b593e7c.jpg", "data/training/front_session_split_v1/test/frame_000740_20251222_185618_346599_png.rf.2c4d3e81bbe92304fd0fd14ad1a26b77.jpg", "data/training/front_session_split_v1/test/frame_000380_20251222_185128_218918_png.rf.25c806b4b979ba80c601192270a1b47c.jpg", "data/training/front_session_split_v1/test/frame_000230_20251222_185113_213642_png.rf.a311ce3be9c71af600e7d8c83e8c68d2.jpg", "data/training/front_session_split_v1/test/frame_000240_20251222_185527_773394_png.rf.9bc8dbe1efb16cb27bcd999511dadc7f.jpg", "data/training/front_session_split_v1/test/frame_001090_20251222_185652_962498_png.rf.dc4692e2ebf79697c54bf1414a383b15.jpg", "data/training/front_session_split_v1/test/frame_000400_20251222_185544_165307_png.rf.0352bc82dfec1135f44cc442b6c97aa7.jpg", "data/training/front_session_split_v1/test/frame_000535_20251222_185557_771757_png.rf.fdbaa085bbee34892cd2c35d876acc70.jpg", "data/training/front_session_split_v1/test/frame_000465_20251222_185551_051211_png.rf.a77475620cd1f6f3bca4e0e248a0aa4c.jpg", "data/training/front_session_split_v1/test/frame_000740_20251222_185204_209151_png.rf.1d2e3dd2081181e682772fc61a195802.jpg", "data/training/front_session_split_v1/test/frame_000730_20251222_185203_208909_png.rf.6e29e1c21763af5180aca1aa1c0df20e.jpg", "data/training/front_session_split_v1/test/frame_001270_20251222_185710_958761_png.rf.173a650605b16fd282204268cbdd3cb5.jpg", "data/training/front_session_split_v1/test/frame_000015_20251222_185505_141245_png.rf.083169be4c59f254b8dd55eaa60dff8a.jpg", "data/training/front_session_split_v1/test/frame_000945_20251222_185638_130298_png.rf.932dd3e7e9370238d293c4f6b43160cc.jpg", "data/training/front_session_split_v1/test/frame_001145_20251222_185658_106075_png.rf.159821e61c26043adc78a14cad4d9ee2.jpg", "data/training/front_session_split_v1/test/frame_000935_20251222_185637_827275_png.rf.eaf2142eeb319c5713e8367bf8467f01.jpg", "data/training/front_session_split_v1/test/frame_000525_20251222_185556_950850_png.rf.4632cf93ae87a00ddd9e453555b762a2.jpg", "data/training/front_session_split_v1/test/frame_000510_20251222_185141_203980_png.rf.621f5b5831b0c932f4e85471633dfebb.jpg", "data/training/front_session_split_v1/test/frame_000770_20251222_185207_208228_png.rf.40e0e59756ca162f2ccfb6f3cd0d9182.jpg", "data/training/front_session_split_v1/test/frame_000010_20251222_185051_226632_png.rf.e7375e71bc35957e9622deec0c58ac82.jpg", "data/training/front_session_split_v1/test/frame_000200_20251222_185110_223204_png.rf.d40e018ad946de628d77075dccd3f8df.jpg", "data/training/front_session_split_v1/test/frame_000405_20251222_185544_209867_png.rf.60620b6b98b588e98b0523e2957ea3a5.jpg", "data/training/front_session_split_v1/test/frame_000770_20251222_185620_883577_png.rf.50147362b40560c390a5cbe5981bf038.jpg", "data/training/front_session_split_v1/test/frame_000475_20251222_185551_151363_png.rf.e7abd3f2eeeb9f4507bf7406208df206.jpg", "data/training/front_session_split_v1/test/frame_000155_20251222_185105_722040_png.rf.9ec6efc78f776091f07ecb76751f04d4.jpg"]
A8: B03 | B8: 1 | C8: 1 | D8: 1 | E8: 예 | F8: 32 | G8: 20 | H8: 200 | I8: 25.298667 | J8: 25.118641 | K8: 26.902401 | L8: 27.59937 | M8: 0.99226875 | N8: 0.035478279 | O8: 39.527774 | P8: 941561856 | Q8: 1000341504 | R8: 29efb304dc17c96d4a8b281be1a71eb5e1cf743fb8a87e30aaebe8e6b17d97cf | S8: ["data/training/front_session_split_v1/test/frame_000450_20251222_185548_650683_png.rf.f886b6674daf7e61d260f15392cb6e2d.jpg", "data/training/front_session_split_v1/test/frame_000390_20251222_185542_654132_png.rf.9608dad84ebc0177a4baa50ef6d4ae9b.jpg", "data/training/front_session_split_v1/test/frame_000365_20251222_185540_855819_png.rf.aa64dd48b02706eda1a1773cc59e56eb.jpg", "data/training/front_session_split_v1/test/frame_000385_20251222_185128_715776_png.rf.27a7bfa4676fd71a0d2761cfa74051d7.jpg", "data/training/front_session_split_v1/test/frame_000035_20251222_185053_715333_png.rf.b297d59f7aefbacd0f089f53ce052fe6.jpg", "data/training/front_session_split_v1/test/frame_000650_20251222_185609_451066_png.rf.eea47f71052090a574a0e754700f0cde.jpg", "data/training/front_session_split_v1/test/frame_000445_20251222_185134_704359_png.rf.80f8eba6fd317f1e09c80d19948d7114.jpg", "data/training/front_session_split_v1/test/frame_001025_20251222_185647_014213_png.rf.396b5eddd4437f8cfd0bd2741b593e7c.jpg", "data/training/front_session_split_v1/test/frame_000740_20251222_185618_346599_png.rf.2c4d3e81bbe92304fd0fd14ad1a26b77.jpg", "data/training/front_session_split_v1/test/frame_000380_20251222_185128_218918_png.rf.25c806b4b979ba80c601192270a1b47c.jpg", "data/training/front_session_split_v1/test/frame_000230_20251222_185113_213642_png.rf.a311ce3be9c71af600e7d8c83e8c68d2.jpg", "data/training/front_session_split_v1/test/frame_000240_20251222_185527_773394_png.rf.9bc8dbe1efb16cb27bcd999511dadc7f.jpg", "data/training/front_session_split_v1/test/frame_001090_20251222_185652_962498_png.rf.dc4692e2ebf79697c54bf1414a383b15.jpg", "data/training/front_session_split_v1/test/frame_000400_20251222_185544_165307_png.rf.0352bc82dfec1135f44cc442b6c97aa7.jpg", "data/training/front_session_split_v1/test/frame_000535_20251222_185557_771757_png.rf.fdbaa085bbee34892cd2c35d876acc70.jpg", "data/training/front_session_split_v1/test/frame_000465_20251222_185551_051211_png.rf.a77475620cd1f6f3bca4e0e248a0aa4c.jpg", "data/training/front_session_split_v1/test/frame_000740_20251222_185204_209151_png.rf.1d2e3dd2081181e682772fc61a195802.jpg", "data/training/front_session_split_v1/test/frame_000730_20251222_185203_208909_png.rf.6e29e1c21763af5180aca1aa1c0df20e.jpg", "data/training/front_session_split_v1/test/frame_001270_20251222_185710_958761_png.rf.173a650605b16fd282204268cbdd3cb5.jpg", "data/training/front_session_split_v1/test/frame_000015_20251222_185505_141245_png.rf.083169be4c59f254b8dd55eaa60dff8a.jpg", "data/training/front_session_split_v1/test/frame_000945_20251222_185638_130298_png.rf.932dd3e7e9370238d293c4f6b43160cc.jpg", "data/training/front_session_split_v1/test/frame_001145_20251222_185658_106075_png.rf.159821e61c26043adc78a14cad4d9ee2.jpg", "data/training/front_session_split_v1/test/frame_000935_20251222_185637_827275_png.rf.eaf2142eeb319c5713e8367bf8467f01.jpg", "data/training/front_session_split_v1/test/frame_000525_20251222_185556_950850_png.rf.4632cf93ae87a00ddd9e453555b762a2.jpg", "data/training/front_session_split_v1/test/frame_000510_20251222_185141_203980_png.rf.621f5b5831b0c932f4e85471633dfebb.jpg", "data/training/front_session_split_v1/test/frame_000770_20251222_185207_208228_png.rf.40e0e59756ca162f2ccfb6f3cd0d9182.jpg", "data/training/front_session_split_v1/test/frame_000010_20251222_185051_226632_png.rf.e7375e71bc35957e9622deec0c58ac82.jpg", "data/training/front_session_split_v1/test/frame_000200_20251222_185110_223204_png.rf.d40e018ad946de628d77075dccd3f8df.jpg", "data/training/front_session_split_v1/test/frame_000405_20251222_185544_209867_png.rf.60620b6b98b588e98b0523e2957ea3a5.jpg", "data/training/front_session_split_v1/test/frame_000770_20251222_185620_883577_png.rf.50147362b40560c390a5cbe5981bf038.jpg", "data/training/front_session_split_v1/test/frame_000475_20251222_185551_151363_png.rf.e7abd3f2eeeb9f4507bf7406208df206.jpg", "data/training/front_session_split_v1/test/frame_000155_20251222_185105_722040_png.rf.9ec6efc78f776091f07ecb76751f04d4.jpg"]
A9: B03 | B9: 2 | C9: 1 | D9: 2 | E9: 예 | F9: 32 | G9: 20 | H9: 200 | I9: 26.305343 | J9: 26.137004 | K9: 28.734637 | L9: 30.853427 | M9: 1.9680343 | N9: 0.053238946 | O9: 38.015091 | P9: 941561856 | Q9: 1000341504 | R9: 29efb304dc17c96d4a8b281be1a71eb5e1cf743fb8a87e30aaebe8e6b17d97cf | S9: ["data/training/front_session_split_v1/test/frame_000450_20251222_185548_650683_png.rf.f886b6674daf7e61d260f15392cb6e2d.jpg", "data/training/front_session_split_v1/test/frame_000390_20251222_185542_654132_png.rf.9608dad84ebc0177a4baa50ef6d4ae9b.jpg", "data/training/front_session_split_v1/test/frame_000365_20251222_185540_855819_png.rf.aa64dd48b02706eda1a1773cc59e56eb.jpg", "data/training/front_session_split_v1/test/frame_000385_20251222_185128_715776_png.rf.27a7bfa4676fd71a0d2761cfa74051d7.jpg", "data/training/front_session_split_v1/test/frame_000035_20251222_185053_715333_png.rf.b297d59f7aefbacd0f089f53ce052fe6.jpg", "data/training/front_session_split_v1/test/frame_000650_20251222_185609_451066_png.rf.eea47f71052090a574a0e754700f0cde.jpg", "data/training/front_session_split_v1/test/frame_000445_20251222_185134_704359_png.rf.80f8eba6fd317f1e09c80d19948d7114.jpg", "data/training/front_session_split_v1/test/frame_001025_20251222_185647_014213_png.rf.396b5eddd4437f8cfd0bd2741b593e7c.jpg", "data/training/front_session_split_v1/test/frame_000740_20251222_185618_346599_png.rf.2c4d3e81bbe92304fd0fd14ad1a26b77.jpg", "data/training/front_session_split_v1/test/frame_000380_20251222_185128_218918_png.rf.25c806b4b979ba80c601192270a1b47c.jpg", "data/training/front_session_split_v1/test/frame_000230_20251222_185113_213642_png.rf.a311ce3be9c71af600e7d8c83e8c68d2.jpg", "data/training/front_session_split_v1/test/frame_000240_20251222_185527_773394_png.rf.9bc8dbe1efb16cb27bcd999511dadc7f.jpg", "data/training/front_session_split_v1/test/frame_001090_20251222_185652_962498_png.rf.dc4692e2ebf79697c54bf1414a383b15.jpg", "data/training/front_session_split_v1/test/frame_000400_20251222_185544_165307_png.rf.0352bc82dfec1135f44cc442b6c97aa7.jpg", "data/training/front_session_split_v1/test/frame_000535_20251222_185557_771757_png.rf.fdbaa085bbee34892cd2c35d876acc70.jpg", "data/training/front_session_split_v1/test/frame_000465_20251222_185551_051211_png.rf.a77475620cd1f6f3bca4e0e248a0aa4c.jpg", "data/training/front_session_split_v1/test/frame_000740_20251222_185204_209151_png.rf.1d2e3dd2081181e682772fc61a195802.jpg", "data/training/front_session_split_v1/test/frame_000730_20251222_185203_208909_png.rf.6e29e1c21763af5180aca1aa1c0df20e.jpg", "data/training/front_session_split_v1/test/frame_001270_20251222_185710_958761_png.rf.173a650605b16fd282204268cbdd3cb5.jpg", "data/training/front_session_split_v1/test/frame_000015_20251222_185505_141245_png.rf.083169be4c59f254b8dd55eaa60dff8a.jpg", "data/training/front_session_split_v1/test/frame_000945_20251222_185638_130298_png.rf.932dd3e7e9370238d293c4f6b43160cc.jpg", "data/training/front_session_split_v1/test/frame_001145_20251222_185658_106075_png.rf.159821e61c26043adc78a14cad4d9ee2.jpg", "data/training/front_session_split_v1/test/frame_000935_20251222_185637_827275_png.rf.eaf2142eeb319c5713e8367bf8467f01.jpg", "data/training/front_session_split_v1/test/frame_000525_20251222_185556_950850_png.rf.4632cf93ae87a00ddd9e453555b762a2.jpg", "data/training/front_session_split_v1/test/frame_000510_20251222_185141_203980_png.rf.621f5b5831b0c932f4e85471633dfebb.jpg", "data/training/front_session_split_v1/test/frame_000770_20251222_185207_208228_png.rf.40e0e59756ca162f2ccfb6f3cd0d9182.jpg", "data/training/front_session_split_v1/test/frame_000010_20251222_185051_226632_png.rf.e7375e71bc35957e9622deec0c58ac82.jpg", "data/training/front_session_split_v1/test/frame_000200_20251222_185110_223204_png.rf.d40e018ad946de628d77075dccd3f8df.jpg", "data/training/front_session_split_v1/test/frame_000405_20251222_185544_209867_png.rf.60620b6b98b588e98b0523e2957ea3a5.jpg", "data/training/front_session_split_v1/test/frame_000770_20251222_185620_883577_png.rf.50147362b40560c390a5cbe5981bf038.jpg", "data/training/front_session_split_v1/test/frame_000475_20251222_185551_151363_png.rf.e7abd3f2eeeb9f4507bf7406208df206.jpg", "data/training/front_session_split_v1/test/frame_000155_20251222_185105_722040_png.rf.9ec6efc78f776091f07ecb76751f04d4.jpg"]
A10: B03 | B10: 3 | C10: 1 | D10: 3 | E10: 예 | F10: 32 | G10: 20 | H10: 200 | I10: 25.483775 | J10: 25.158647 | K10: 27.787625 | L10: 28.422123 | M10: 1.232152 | N10: 0.043044474 | O10: 39.240655 | P10: 941561856 | Q10: 1000341504 | R10: 29efb304dc17c96d4a8b281be1a71eb5e1cf743fb8a87e30aaebe8e6b17d97cf | S10: ["data/training/front_session_split_v1/test/frame_000450_20251222_185548_650683_png.rf.f886b6674daf7e61d260f15392cb6e2d.jpg", "data/training/front_session_split_v1/test/frame_000390_20251222_185542_654132_png.rf.9608dad84ebc0177a4baa50ef6d4ae9b.jpg", "data/training/front_session_split_v1/test/frame_000365_20251222_185540_855819_png.rf.aa64dd48b02706eda1a1773cc59e56eb.jpg", "data/training/front_session_split_v1/test/frame_000385_20251222_185128_715776_png.rf.27a7bfa4676fd71a0d2761cfa74051d7.jpg", "data/training/front_session_split_v1/test/frame_000035_20251222_185053_715333_png.rf.b297d59f7aefbacd0f089f53ce052fe6.jpg", "data/training/front_session_split_v1/test/frame_000650_20251222_185609_451066_png.rf.eea47f71052090a574a0e754700f0cde.jpg", "data/training/front_session_split_v1/test/frame_000445_20251222_185134_704359_png.rf.80f8eba6fd317f1e09c80d19948d7114.jpg", "data/training/front_session_split_v1/test/frame_001025_20251222_185647_014213_png.rf.396b5eddd4437f8cfd0bd2741b593e7c.jpg", "data/training/front_session_split_v1/test/frame_000740_20251222_185618_346599_png.rf.2c4d3e81bbe92304fd0fd14ad1a26b77.jpg", "data/training/front_session_split_v1/test/frame_000380_20251222_185128_218918_png.rf.25c806b4b979ba80c601192270a1b47c.jpg", "data/training/front_session_split_v1/test/frame_000230_20251222_185113_213642_png.rf.a311ce3be9c71af600e7d8c83e8c68d2.jpg", "data/training/front_session_split_v1/test/frame_000240_20251222_185527_773394_png.rf.9bc8dbe1efb16cb27bcd999511dadc7f.jpg", "data/training/front_session_split_v1/test/frame_001090_20251222_185652_962498_png.rf.dc4692e2ebf79697c54bf1414a383b15.jpg", "data/training/front_session_split_v1/test/frame_000400_20251222_185544_165307_png.rf.0352bc82dfec1135f44cc442b6c97aa7.jpg", "data/training/front_session_split_v1/test/frame_000535_20251222_185557_771757_png.rf.fdbaa085bbee34892cd2c35d876acc70.jpg", "data/training/front_session_split_v1/test/frame_000465_20251222_185551_051211_png.rf.a77475620cd1f6f3bca4e0e248a0aa4c.jpg", "data/training/front_session_split_v1/test/frame_000740_20251222_185204_209151_png.rf.1d2e3dd2081181e682772fc61a195802.jpg", "data/training/front_session_split_v1/test/frame_000730_20251222_185203_208909_png.rf.6e29e1c21763af5180aca1aa1c0df20e.jpg", "data/training/front_session_split_v1/test/frame_001270_20251222_185710_958761_png.rf.173a650605b16fd282204268cbdd3cb5.jpg", "data/training/front_session_split_v1/test/frame_000015_20251222_185505_141245_png.rf.083169be4c59f254b8dd55eaa60dff8a.jpg", "data/training/front_session_split_v1/test/frame_000945_20251222_185638_130298_png.rf.932dd3e7e9370238d293c4f6b43160cc.jpg", "data/training/front_session_split_v1/test/frame_001145_20251222_185658_106075_png.rf.159821e61c26043adc78a14cad4d9ee2.jpg", "data/training/front_session_split_v1/test/frame_000935_20251222_185637_827275_png.rf.eaf2142eeb319c5713e8367bf8467f01.jpg", "data/training/front_session_split_v1/test/frame_000525_20251222_185556_950850_png.rf.4632cf93ae87a00ddd9e453555b762a2.jpg", "data/training/front_session_split_v1/test/frame_000510_20251222_185141_203980_png.rf.621f5b5831b0c932f4e85471633dfebb.jpg", "data/training/front_session_split_v1/test/frame_000770_20251222_185207_208228_png.rf.40e0e59756ca162f2ccfb6f3cd0d9182.jpg", "data/training/front_session_split_v1/test/frame_000010_20251222_185051_226632_png.rf.e7375e71bc35957e9622deec0c58ac82.jpg", "data/training/front_session_split_v1/test/frame_000200_20251222_185110_223204_png.rf.d40e018ad946de628d77075dccd3f8df.jpg", "data/training/front_session_split_v1/test/frame_000405_20251222_185544_209867_png.rf.60620b6b98b588e98b0523e2957ea3a5.jpg", "data/training/front_session_split_v1/test/frame_000770_20251222_185620_883577_png.rf.50147362b40560c390a5cbe5981bf038.jpg", "data/training/front_session_split_v1/test/frame_000475_20251222_185551_151363_png.rf.e7abd3f2eeeb9f4507bf7406208df206.jpg", "data/training/front_session_split_v1/test/frame_000155_20251222_185105_722040_png.rf.9ec6efc78f776091f07ecb76751f04d4.jpg"]
A11: M01 | B11: 1 | C11: 1 | D11: 1 | E11: 예 | F11: 32 | G11: 20 | H11: 200 | I11: 25.636608 | J11: 25.371923 | K11: 27.501226 | L11: 28.201996 | M11: 1.4212925 | N11: 0.039789891 | O11: 39.006721 | P11: 941561856 | Q11: 1000341504 | R11: 34429486ea34f461cebfd4ed7b2e2df537160c9326589d120e74a962ac39efb7 | S11: ["data/training/front_session_split_v1/test/frame_000450_20251222_185548_650683_png.rf.f886b6674daf7e61d260f15392cb6e2d.jpg", "data/training/front_session_split_v1/test/frame_000390_20251222_185542_654132_png.rf.9608dad84ebc0177a4baa50ef6d4ae9b.jpg", "data/training/front_session_split_v1/test/frame_000365_20251222_185540_855819_png.rf.aa64dd48b02706eda1a1773cc59e56eb.jpg", "data/training/front_session_split_v1/test/frame_000385_20251222_185128_715776_png.rf.27a7bfa4676fd71a0d2761cfa74051d7.jpg", "data/training/front_session_split_v1/test/frame_000035_20251222_185053_715333_png.rf.b297d59f7aefbacd0f089f53ce052fe6.jpg", "data/training/front_session_split_v1/test/frame_000650_20251222_185609_451066_png.rf.eea47f71052090a574a0e754700f0cde.jpg", "data/training/front_session_split_v1/test/frame_000445_20251222_185134_704359_png.rf.80f8eba6fd317f1e09c80d19948d7114.jpg", "data/training/front_session_split_v1/test/frame_001025_20251222_185647_014213_png.rf.396b5eddd4437f8cfd0bd2741b593e7c.jpg", "data/training/front_session_split_v1/test/frame_000740_20251222_185618_346599_png.rf.2c4d3e81bbe92304fd0fd14ad1a26b77.jpg", "data/training/front_session_split_v1/test/frame_000380_20251222_185128_218918_png.rf.25c806b4b979ba80c601192270a1b47c.jpg", "data/training/front_session_split_v1/test/frame_000230_20251222_185113_213642_png.rf.a311ce3be9c71af600e7d8c83e8c68d2.jpg", "data/training/front_session_split_v1/test/frame_000240_20251222_185527_773394_png.rf.9bc8dbe1efb16cb27bcd999511dadc7f.jpg", "data/training/front_session_split_v1/test/frame_001090_20251222_185652_962498_png.rf.dc4692e2ebf79697c54bf1414a383b15.jpg", "data/training/front_session_split_v1/test/frame_000400_20251222_185544_165307_png.rf.0352bc82dfec1135f44cc442b6c97aa7.jpg", "data/training/front_session_split_v1/test/frame_000535_20251222_185557_771757_png.rf.fdbaa085bbee34892cd2c35d876acc70.jpg", "data/training/front_session_split_v1/test/frame_000465_20251222_185551_051211_png.rf.a77475620cd1f6f3bca4e0e248a0aa4c.jpg", "data/training/front_session_split_v1/test/frame_000740_20251222_185204_209151_png.rf.1d2e3dd2081181e682772fc61a195802.jpg", "data/training/front_session_split_v1/test/frame_000730_20251222_185203_208909_png.rf.6e29e1c21763af5180aca1aa1c0df20e.jpg", "data/training/front_session_split_v1/test/frame_001270_20251222_185710_958761_png.rf.173a650605b16fd282204268cbdd3cb5.jpg", "data/training/front_session_split_v1/test/frame_000015_20251222_185505_141245_png.rf.083169be4c59f254b8dd55eaa60dff8a.jpg", "data/training/front_session_split_v1/test/frame_000945_20251222_185638_130298_png.rf.932dd3e7e9370238d293c4f6b43160cc.jpg", "data/training/front_session_split_v1/test/frame_001145_20251222_185658_106075_png.rf.159821e61c26043adc78a14cad4d9ee2.jpg", "data/training/front_session_split_v1/test/frame_000935_20251222_185637_827275_png.rf.eaf2142eeb319c5713e8367bf8467f01.jpg", "data/training/front_session_split_v1/test/frame_000525_20251222_185556_950850_png.rf.4632cf93ae87a00ddd9e453555b762a2.jpg", "data/training/front_session_split_v1/test/frame_000510_20251222_185141_203980_png.rf.621f5b5831b0c932f4e85471633dfebb.jpg", "data/training/front_session_split_v1/test/frame_000770_20251222_185207_208228_png.rf.40e0e59756ca162f2ccfb6f3cd0d9182.jpg", "data/training/front_session_split_v1/test/frame_000010_20251222_185051_226632_png.rf.e7375e71bc35957e9622deec0c58ac82.jpg", "data/training/front_session_split_v1/test/frame_000200_20251222_185110_223204_png.rf.d40e018ad946de628d77075dccd3f8df.jpg", "data/training/front_session_split_v1/test/frame_000405_20251222_185544_209867_png.rf.60620b6b98b588e98b0523e2957ea3a5.jpg", "data/training/front_session_split_v1/test/frame_000770_20251222_185620_883577_png.rf.50147362b40560c390a5cbe5981bf038.jpg", "data/training/front_session_split_v1/test/frame_000475_20251222_185551_151363_png.rf.e7abd3f2eeeb9f4507bf7406208df206.jpg", "data/training/front_session_split_v1/test/frame_000155_20251222_185105_722040_png.rf.9ec6efc78f776091f07ecb76751f04d4.jpg"]
A12: M01 | B12: 2 | C12: 1 | D12: 2 | E12: 예 | F12: 32 | G12: 20 | H12: 200 | I12: 25.308891 | J12: 25.16891 | K12: 26.844324 | L12: 27.581829 | M12: 0.88468775 | N12: 0.030591691 | O12: 39.511806 | P12: 941561856 | Q12: 1000341504 | R12: 34429486ea34f461cebfd4ed7b2e2df537160c9326589d120e74a962ac39efb7 | S12: ["data/training/front_session_split_v1/test/frame_000450_20251222_185548_650683_png.rf.f886b6674daf7e61d260f15392cb6e2d.jpg", "data/training/front_session_split_v1/test/frame_000390_20251222_185542_654132_png.rf.9608dad84ebc0177a4baa50ef6d4ae9b.jpg", "data/training/front_session_split_v1/test/frame_000365_20251222_185540_855819_png.rf.aa64dd48b02706eda1a1773cc59e56eb.jpg", "data/training/front_session_split_v1/test/frame_000385_20251222_185128_715776_png.rf.27a7bfa4676fd71a0d2761cfa74051d7.jpg", "data/training/front_session_split_v1/test/frame_000035_20251222_185053_715333_png.rf.b297d59f7aefbacd0f089f53ce052fe6.jpg", "data/training/front_session_split_v1/test/frame_000650_20251222_185609_451066_png.rf.eea47f71052090a574a0e754700f0cde.jpg", "data/training/front_session_split_v1/test/frame_000445_20251222_185134_704359_png.rf.80f8eba6fd317f1e09c80d19948d7114.jpg", "data/training/front_session_split_v1/test/frame_001025_20251222_185647_014213_png.rf.396b5eddd4437f8cfd0bd2741b593e7c.jpg", "data/training/front_session_split_v1/test/frame_000740_20251222_185618_346599_png.rf.2c4d3e81bbe92304fd0fd14ad1a26b77.jpg", "data/training/front_session_split_v1/test/frame_000380_20251222_185128_218918_png.rf.25c806b4b979ba80c601192270a1b47c.jpg", "data/training/front_session_split_v1/test/frame_000230_20251222_185113_213642_png.rf.a311ce3be9c71af600e7d8c83e8c68d2.jpg", "data/training/front_session_split_v1/test/frame_000240_20251222_185527_773394_png.rf.9bc8dbe1efb16cb27bcd999511dadc7f.jpg", "data/training/front_session_split_v1/test/frame_001090_20251222_185652_962498_png.rf.dc4692e2ebf79697c54bf1414a383b15.jpg", "data/training/front_session_split_v1/test/frame_000400_20251222_185544_165307_png.rf.0352bc82dfec1135f44cc442b6c97aa7.jpg", "data/training/front_session_split_v1/test/frame_000535_20251222_185557_771757_png.rf.fdbaa085bbee34892cd2c35d876acc70.jpg", "data/training/front_session_split_v1/test/frame_000465_20251222_185551_051211_png.rf.a77475620cd1f6f3bca4e0e248a0aa4c.jpg", "data/training/front_session_split_v1/test/frame_000740_20251222_185204_209151_png.rf.1d2e3dd2081181e682772fc61a195802.jpg", "data/training/front_session_split_v1/test/frame_000730_20251222_185203_208909_png.rf.6e29e1c21763af5180aca1aa1c0df20e.jpg", "data/training/front_session_split_v1/test/frame_001270_20251222_185710_958761_png.rf.173a650605b16fd282204268cbdd3cb5.jpg", "data/training/front_session_split_v1/test/frame_000015_20251222_185505_141245_png.rf.083169be4c59f254b8dd55eaa60dff8a.jpg", "data/training/front_session_split_v1/test/frame_000945_20251222_185638_130298_png.rf.932dd3e7e9370238d293c4f6b43160cc.jpg", "data/training/front_session_split_v1/test/frame_001145_20251222_185658_106075_png.rf.159821e61c26043adc78a14cad4d9ee2.jpg", "data/training/front_session_split_v1/test/frame_000935_20251222_185637_827275_png.rf.eaf2142eeb319c5713e8367bf8467f01.jpg", "data/training/front_session_split_v1/test/frame_000525_20251222_185556_950850_png.rf.4632cf93ae87a00ddd9e453555b762a2.jpg", "data/training/front_session_split_v1/test/frame_000510_20251222_185141_203980_png.rf.621f5b5831b0c932f4e85471633dfebb.jpg", "data/training/front_session_split_v1/test/frame_000770_20251222_185207_208228_png.rf.40e0e59756ca162f2ccfb6f3cd0d9182.jpg", "data/training/front_session_split_v1/test/frame_000010_20251222_185051_226632_png.rf.e7375e71bc35957e9622deec0c58ac82.jpg", "data/training/front_session_split_v1/test/frame_000200_20251222_185110_223204_png.rf.d40e018ad946de628d77075dccd3f8df.jpg", "data/training/front_session_split_v1/test/frame_000405_20251222_185544_209867_png.rf.60620b6b98b588e98b0523e2957ea3a5.jpg", "data/training/front_session_split_v1/test/frame_000770_20251222_185620_883577_png.rf.50147362b40560c390a5cbe5981bf038.jpg", "data/training/front_session_split_v1/test/frame_000475_20251222_185551_151363_png.rf.e7abd3f2eeeb9f4507bf7406208df206.jpg", "data/training/front_session_split_v1/test/frame_000155_20251222_185105_722040_png.rf.9ec6efc78f776091f07ecb76751f04d4.jpg"]
A13: M01 | B13: 3 | C13: 1 | D13: 3 | E13: 예 | F13: 32 | G13: 20 | H13: 200 | I13: 25.970512 | J13: 25.65362 | K13: 27.997158 | L13: 28.469676 | M13: 1.7592945 | N13: 0.043191739 | O13: 38.50521 | P13: 941561856 | Q13: 1000341504 | R13: 34429486ea34f461cebfd4ed7b2e2df537160c9326589d120e74a962ac39efb7 | S13: ["data/training/front_session_split_v1/test/frame_000450_20251222_185548_650683_png.rf.f886b6674daf7e61d260f15392cb6e2d.jpg", "data/training/front_session_split_v1/test/frame_000390_20251222_185542_654132_png.rf.9608dad84ebc0177a4baa50ef6d4ae9b.jpg", "data/training/front_session_split_v1/test/frame_000365_20251222_185540_855819_png.rf.aa64dd48b02706eda1a1773cc59e56eb.jpg", "data/training/front_session_split_v1/test/frame_000385_20251222_185128_715776_png.rf.27a7bfa4676fd71a0d2761cfa74051d7.jpg", "data/training/front_session_split_v1/test/frame_000035_20251222_185053_715333_png.rf.b297d59f7aefbacd0f089f53ce052fe6.jpg", "data/training/front_session_split_v1/test/frame_000650_20251222_185609_451066_png.rf.eea47f71052090a574a0e754700f0cde.jpg", "data/training/front_session_split_v1/test/frame_000445_20251222_185134_704359_png.rf.80f8eba6fd317f1e09c80d19948d7114.jpg", "data/training/front_session_split_v1/test/frame_001025_20251222_185647_014213_png.rf.396b5eddd4437f8cfd0bd2741b593e7c.jpg", "data/training/front_session_split_v1/test/frame_000740_20251222_185618_346599_png.rf.2c4d3e81bbe92304fd0fd14ad1a26b77.jpg", "data/training/front_session_split_v1/test/frame_000380_20251222_185128_218918_png.rf.25c806b4b979ba80c601192270a1b47c.jpg", "data/training/front_session_split_v1/test/frame_000230_20251222_185113_213642_png.rf.a311ce3be9c71af600e7d8c83e8c68d2.jpg", "data/training/front_session_split_v1/test/frame_000240_20251222_185527_773394_png.rf.9bc8dbe1efb16cb27bcd999511dadc7f.jpg", "data/training/front_session_split_v1/test/frame_001090_20251222_185652_962498_png.rf.dc4692e2ebf79697c54bf1414a383b15.jpg", "data/training/front_session_split_v1/test/frame_000400_20251222_185544_165307_png.rf.0352bc82dfec1135f44cc442b6c97aa7.jpg", "data/training/front_session_split_v1/test/frame_000535_20251222_185557_771757_png.rf.fdbaa085bbee34892cd2c35d876acc70.jpg", "data/training/front_session_split_v1/test/frame_000465_20251222_185551_051211_png.rf.a77475620cd1f6f3bca4e0e248a0aa4c.jpg", "data/training/front_session_split_v1/test/frame_000740_20251222_185204_209151_png.rf.1d2e3dd2081181e682772fc61a195802.jpg", "data/training/front_session_split_v1/test/frame_000730_20251222_185203_208909_png.rf.6e29e1c21763af5180aca1aa1c0df20e.jpg", "data/training/front_session_split_v1/test/frame_001270_20251222_185710_958761_png.rf.173a650605b16fd282204268cbdd3cb5.jpg", "data/training/front_session_split_v1/test/frame_000015_20251222_185505_141245_png.rf.083169be4c59f254b8dd55eaa60dff8a.jpg", "data/training/front_session_split_v1/test/frame_000945_20251222_185638_130298_png.rf.932dd3e7e9370238d293c4f6b43160cc.jpg", "data/training/front_session_split_v1/test/frame_001145_20251222_185658_106075_png.rf.159821e61c26043adc78a14cad4d9ee2.jpg", "data/training/front_session_split_v1/test/frame_000935_20251222_185637_827275_png.rf.eaf2142eeb319c5713e8367bf8467f01.jpg", "data/training/front_session_split_v1/test/frame_000525_20251222_185556_950850_png.rf.4632cf93ae87a00ddd9e453555b762a2.jpg", "data/training/front_session_split_v1/test/frame_000510_20251222_185141_203980_png.rf.621f5b5831b0c932f4e85471633dfebb.jpg", "data/training/front_session_split_v1/test/frame_000770_20251222_185207_208228_png.rf.40e0e59756ca162f2ccfb6f3cd0d9182.jpg", "data/training/front_session_split_v1/test/frame_000010_20251222_185051_226632_png.rf.e7375e71bc35957e9622deec0c58ac82.jpg", "data/training/front_session_split_v1/test/frame_000200_20251222_185110_223204_png.rf.d40e018ad946de628d77075dccd3f8df.jpg", "data/training/front_session_split_v1/test/frame_000405_20251222_185544_209867_png.rf.60620b6b98b588e98b0523e2957ea3a5.jpg", "data/training/front_session_split_v1/test/frame_000770_20251222_185620_883577_png.rf.50147362b40560c390a5cbe5981bf038.jpg", "data/training/front_session_split_v1/test/frame_000475_20251222_185551_151363_png.rf.e7abd3f2eeeb9f4507bf7406208df206.jpg", "data/training/front_session_split_v1/test/frame_000155_20251222_185105_722040_png.rf.9ec6efc78f776091f07ecb76751f04d4.jpg"]
... A64: Q07 | B64: 3 | C64: 1 | D64: 3 | E64: 예 | F64: 32 | G64: 20 | H64: 200 | I64: 38.370758 | J64: 38.156181 | K64: 40.13068 | L64: 42.365043 | M64: 0.95322126 | N64: 0.033804213 | O64: 26.061512 | P64: 941561856 | Q64: 1000341504 | R64: 3c7053bd3d63c5c89b195fb2eb3f3f9e1a29542fefc236571ebc299cda5cab1c | S64: ["data/training/front_session_split_v1/test/frame_000450_20251222_185548_650683_png.rf.f886b6674daf7e61d260f15392cb6e2d.jpg", "data/training/front_session_split_v1/test/frame_000390_20251222_185542_654132_png.rf.9608dad84ebc0177a4baa50ef6d4ae9b.jpg", "data/training/front_session_split_v1/test/frame_000365_20251222_185540_855819_png.rf.aa64dd48b02706eda1a1773cc59e56eb.jpg", "data/training/front_session_split_v1/test/frame_000385_20251222_185128_715776_png.rf.27a7bfa4676fd71a0d2761cfa74051d7.jpg", "data/training/front_session_split_v1/test/frame_000035_20251222_185053_715333_png.rf.b297d59f7aefbacd0f089f53ce052fe6.jpg", "data/training/front_session_split_v1/test/frame_000650_20251222_185609_451066_png.rf.eea47f71052090a574a0e754700f0cde.jpg", "data/training/front_session_split_v1/test/frame_000445_20251222_185134_704359_png.rf.80f8eba6fd317f1e09c80d19948d7114.jpg", "data/training/front_session_split_v1/test/frame_001025_20251222_185647_014213_png.rf.396b5eddd4437f8cfd0bd2741b593e7c.jpg", "data/training/front_session_split_v1/test/frame_000740_20251222_185618_346599_png.rf.2c4d3e81bbe92304fd0fd14ad1a26b77.jpg", "data/training/front_session_split_v1/test/frame_000380_20251222_185128_218918_png.rf.25c806b4b979ba80c601192270a1b47c.jpg", "data/training/front_session_split_v1/test/frame_000230_20251222_185113_213642_png.rf.a311ce3be9c71af600e7d8c83e8c68d2.jpg", "data/training/front_session_split_v1/test/frame_000240_20251222_185527_773394_png.rf.9bc8dbe1efb16cb27bcd999511dadc7f.jpg", "data/training/front_session_split_v1/test/frame_001090_20251222_185652_962498_png.rf.dc4692e2ebf79697c54bf1414a383b15.jpg", "data/training/front_session_split_v1/test/frame_000400_20251222_185544_165307_png.rf.0352bc82dfec1135f44cc442b6c97aa7.jpg", "data/training/front_session_split_v1/test/frame_000535_20251222_185557_771757_png.rf.fdbaa085bbee34892cd2c35d876acc70.jpg", "data/training/front_session_split_v1/test/frame_000465_20251222_185551_051211_png.rf.a77475620cd1f6f3bca4e0e248a0aa4c.jpg", "data/training/front_session_split_v1/test/frame_000740_20251222_185204_209151_png.rf.1d2e3dd2081181e682772fc61a195802.jpg", "data/training/front_session_split_v1/test/frame_000730_20251222_185203_208909_png.rf.6e29e1c21763af5180aca1aa1c0df20e.jpg", "data/training/front_session_split_v1/test/frame_001270_20251222_185710_958761_png.rf.173a650605b16fd282204268cbdd3cb5.jpg", "data/training/front_session_split_v1/test/frame_000015_20251222_185505_141245_png.rf.083169be4c59f254b8dd55eaa60dff8a.jpg", "data/training/front_session_split_v1/test/frame_000945_20251222_185638_130298_png.rf.932dd3e7e9370238d293c4f6b43160cc.jpg", "data/training/front_session_split_v1/test/frame_001145_20251222_185658_106075_png.rf.159821e61c26043adc78a14cad4d9ee2.jpg", "data/training/front_session_split_v1/test/frame_000935_20251222_185637_827275_png.rf.eaf2142eeb319c5713e8367bf8467f01.jpg", "data/training/front_session_split_v1/test/frame_000525_20251222_185556_950850_png.rf.4632cf93ae87a00ddd9e453555b762a2.jpg", "data/training/front_session_split_v1/test/frame_000510_20251222_185141_203980_png.rf.621f5b5831b0c932f4e85471633dfebb.jpg", "data/training/front_session_split_v1/test/frame_000770_20251222_185207_208228_png.rf.40e0e59756ca162f2ccfb6f3cd0d9182.jpg", "data/training/front_session_split_v1/test/frame_000010_20251222_185051_226632_png.rf.e7375e71bc35957e9622deec0c58ac82.jpg", "data/training/front_session_split_v1/test/frame_000200_20251222_185110_223204_png.rf.d40e018ad946de628d77075dccd3f8df.jpg", "data/training/front_session_split_v1/test/frame_000405_20251222_185544_209867_png.rf.60620b6b98b588e98b0523e2957ea3a5.jpg", "data/training/front_session_split_v1/test/frame_000770_20251222_185620_883577_png.rf.50147362b40560c390a5cbe5981bf038.jpg", "data/training/front_session_split_v1/test/frame_000475_20251222_185551_151363_png.rf.e7abd3f2eeeb9f4507bf7406208df206.jpg", "data/training/front_session_split_v1/test/frame_000155_20251222_185105_722040_png.rf.9ec6efc78f776091f07ecb76751f04d4.jpg"]

Sheet 실험환경
A1: 환경 항목 | B1: 기록값
A2: state.created_at_utc | B2: 2026-09-04T01:47:55.753324+00:00
A3: state.finished_at_utc | B3: 2026-09-04T02:04:59.719906+00:00
A4: state.status | B4: completed
A5: state.gpu | B5: NVIDIA GeForce RTX 4050 Laptop GPU
A6: state.compute_capability | B6: [8, 9]
A7: state.cuda | B7: 12.8
A8: state.tensorrt | B8: 10.16.1.11
A9: state.nvidia_driver_and_bus | B9: 580.173.02, 00000000:01:00.0
A10: state.benchmark_repetitions | B10: 3
A11: preflight.checked_at_utc | B11: 2026-09-04T02:07:22.482589+00:00
A12: preflight.python | B12: 3.10.12
A13: preflight.platform | B13: Linux-6.8.0-136-generic-x86_64-with-glibc2.35
A14: preflight.nvidia_driver_and_bus | B14: 580.173.02, 00000000:01:00.0
A15: preflight.dataset | B15: data/training/front_session_split_v1/test
A16: preflight.annotation_sha256 | B16: 037949731e462ecb42feb6e61b61fbca555dfe2a3d381464ad36a17b0a7ff9b9
A17: preflight.test_images | B17: 437
A18: preflight.annotations | B18: 593
A19: preflight.free_disk_bytes | B19: 20129693696
A20: preflight.minimum_free_disk_gib | B20: 10
A21: preflight.verified_data_files | B21: 568
A22: preflight.verified_onnx_manifest_entries | B22: 17
A23: preflight.verified_automation_manifest_entries | B23: 0
A24: preflight.package_versions.rfdetr | B24: 1.8.1
A25: preflight.package_versions.torch | B25: 2.10.0
A26: preflight.package_versions.torchvision | B26: 0.25.0
A27: preflight.package_versions.tensorrt-cu13 | B27: 10.16.1.11
A28: preflight.package_versions.pycocotools | B28: 2.0.11
A29: preflight.package_versions.numpy | B29: 2.2.6
A30: preflight.package_versions.XlsxWriter | B30: 3.2.9
A31: environment.recorded_at_utc | B31: 2026-09-04T02:07:23.700895+00:00
A32: environment.cpu | B32: AMD Ryzen 7 7735HS with Radeon Graphics
A33: environment.logical_cpus | B33: 16
A34: environment.physical_cpus | B34: 8
A35: environment.ram_total_bytes | B35: 15966171136
A36: environment.platform | B36: Linux-6.8.0-136-generic-x86_64-with-glibc2.35
A37: environment.kernel | B37: 6.8.0-136-generic
A38: environment.cpu_scaling_governor | B38: powersave
A39: environment.cpu_energy_performance_preference | B39: performance
A40: environment.platform_profile | B40: performance
A41: environment.ac_power_connected | B41: TRUE
A42: environment.gpu.name | B42: NVIDIA GeForce RTX 4050 Laptop GPU
A43: environment.gpu.memory.total | B43: 6141
A44: environment.gpu.driver_version | B44: 580.173.02
A45: environment.gpu.power.limit | B45: [N/A]
A46: environment.gpu.temperature.gpu | B46: 43
A47: environment.gpu.clocks.sm | B47: 210
A48: environment.gpu.clocks.mem | B48: 405
A49: environment.gpu.pstate | B49: P8
A50: load_stabilization_protocol.enabled | B50: TRUE
A51: load_stabilization_protocol.required_platform_profile | B51: performance
A52: load_stabilization_protocol.required_cpu_energy_performance_preference | B52: performance
A53: load_stabilization_protocol.initial_settle_seconds | B53: 30
A54: load_stabilization_protocol.sample_interval_seconds | B54: 1
A55: load_stabilization_protocol.required_consecutive_samples | B55: 3
A56: load_stabilization_protocol.timeout_seconds | B56: 300
A57: load_stabilization_protocol.max_cpu_utilization_percent | B57: 30
A58: load_stabilization_protocol.max_gpu_utilization_percent | B58: 50
A59: load_stabilization_protocol.max_gpu_memory_utilization_percent | B59: 50
A60: load_stabilization_protocol.max_gpu_temperature_c | B60: 75
A61: load_stabilization_protocol.max_cpu_utilization_span_percent | B61: 20
A62: load_stabilization_protocol.max_gpu_utilization_span_percent | B62: 50
A63: load_stabilization_protocol.max_gpu_memory_utilization_span_percent | B63: 50
A64: load_stabilization_protocol.max_gpu_temperature_span_c | B64: 6
... A68: load_stabilization_protocol.max_gpu_temperature_delta_from_reference_c | B68: 15
A69: load_stabilization_protocol.require_ac_power | B69: TRUE
A70: load_stabilization_protocol.recorded_sample_limit | B70: 30
A71: load_stabilization_reference.cpu_utilization_percent | B71: 2.4666667
A72: load_stabilization_reference.gpu_utilization_percent | B72: 25.666667
A73: load_stabilization_reference.gpu_memory_utilization_percent | B73: 18.666667
A74: load_stabilization_reference.gpu_temperature_c | B74: 40
A75: load_stabilization_reference.gpu_power_draw_w | B75: 5.0466667
A76: load_stabilization_reference.gpu_sm_clock_mhz | B76: 210
A77: load_stabilization_reference.gpu_memory_clock_mhz | B77: 405

Sheet _차트데이터
A1: ID | B1: Median ms | C1: Mask AP | D1: Engine MiB
A2: ='분석결과'!A2 -> B01 | B2: ='분석결과'!L2 -> 45.820257 | C2: ='분석결과'!G2 -> 0.6026427 | D2: ='분석결과'!T2 -> 129.33995
A3: ='분석결과'!A3 -> B02 | B3: ='분석결과'!L3 -> 25.77521 | C3: ='분석결과'!G3 -> 0.60172169 | D3: ='분석결과'!T3 -> 67.942593
A4: ='분석결과'!A4 -> B03 | B4: ='분석결과'!L4 -> 25.360001 | C4: ='분석결과'!G4 -> 0.60274983 | D4: ='분석결과'!T4 -> 68.006321
A5: ='분석결과'!A5 -> M01 | B5: ='분석결과'!L5 -> 25.386515 | C5: ='분석결과'!G5 -> 0.51798814 | D5: ='분석결과'!T5 -> 67.899975
A6: ='분석결과'!A6 -> M02 | B6: ='분석결과'!L6 -> 25.26247 | C6: ='분석결과'!G6 -> 0.51484803 | D6: ='분석결과'!T6 -> 62.392857
A7: ='분석결과'!A7 -> S01 | B7: ='분석결과'!L7 -> 44.509862 | C7: ='분석결과'!G7 -> 0.60223001 | D7: ='분석결과'!T7 -> 123.25447
A8: ='분석결과'!A8 -> S02 | B8: ='분석결과'!L8 -> 42.957116 | C8: ='분석결과'!G8 -> 0.58504198 | D8: ='분석결과'!T8 -> 117.18737
A9: ='분석결과'!A9 -> S04 | B9: ='분석결과'!L9 -> 45.768655 | C9: ='분석결과'!G9 -> 0.52135 | D9: ='분석결과'!T9 -> 121.19233
A10: ='분석결과'!A10 -> C01 | B10: ='분석결과'!L10 -> 25.29961 | C10: ='분석결과'!G10 -> 0.60291193 | D10: ='분석결과'!T10 -> 64.729115
A11: ='분석결과'!A11 -> C02 | B11: ='분석결과'!L11 -> 26.182796 | C11: ='분석결과'!G11 -> 0.6023426 | D11: ='분석결과'!T11 -> 64.811321
A12: ='분석결과'!A12 -> C03 | B12: ='분석결과'!L12 -> 36.296055 | C12: ='분석결과'!G12 -> 0.59399273 | D12: ='분석결과'!T12 -> 122.5941
A13: ='분석결과'!A13 -> C04 | B13: ='분석결과'!L13 -> 41.973261 | C13: ='분석결과'!G13 -> 0.59960567 | D13: ='분석결과'!T13 -> 122.99456
... A18: ='분석결과'!A18 -> Q02 | B18: ='분석결과'!L18 -> 25.183494 | C18: ='분석결과'!G18 -> 0.48322281 | D18: ='분석결과'!T18 -> 43.389851
A19: ='분석결과'!A20 -> Q04 | B19: ='분석결과'!L20 -> 37.993878 | C19: ='분석결과'!G20 -> 0.37022621 | D19: ='분석결과'!T20 -> 48.076389
A20: ='분석결과'!A21 -> Q05 | B20: ='분석결과'!L21 -> 43.332562 | C20: ='분석결과'!G21 -> 0.59809771 | D20: ='분석결과'!T21 -> 111.83229
A21: ='분석결과'!A22 -> Q06 | B21: ='분석결과'!L22 -> 39.408903 | C21: ='분석결과'!G22 -> 0.35405566 | D21: ='분석결과'!T22 -> 64.766766
A22: ='분석결과'!A23 -> Q07 | B22: ='분석결과'!L23 -> 38.298552 | C22: ='분석결과'!G23 -> 0.35792475 | D22: ='분석결과'!T23 -> 52.9874

Sheet 요약
B2: RF-DETR 경량화 2차 평가 통합 보고서
B4: 엔진 생성부터 고정 test 정확도, 3회 반복 latency, 자원 사용량, 정확도 보존 gate와 Pareto 결과까지 한 파일에서 추적합니다.
B7: 1차 전체 후보 | D7: 2차 평가 대상 | F7: 2차 완료 | H7: 2차 실패 | J7: 대기 | L7: 정확도 Gate 통과 | N7: Pareto 최적 | P7: 30 FPS 배포 후보
B8: 26 | D8: 22 | F8: 21 | H8: 1 | J8: 0 | L8: 11 | N8: 2 | P8: 2
B11: 판정 원칙 | K11: 파일 내 시트
B12: 1) 1차 정적평가 통과 후보 22개를 모두 실측합니다. 2) 엔진 생성 실패도 terminal 결과로 보존합니다. 3) 정확도는 고정 test 437장, 속도는 동일 32장 × 200회 × 3반복입니다. 4) B01 대비 정확도 보존 gate를 통과한 유효 측정만 Pareto에 투입합니다. 5) 주 Pareto는 Mask AP 최대화, median latency·engine 크기 최소화의 3축입니다. BBox AP, mIoU, P95와 GPU memory는 보조지표로 함께 보고합니다. 6) Pareto 중 median latency 33.33 ms 이하만 30 FPS 배포 후보로 표시합니다. 7) P95가 33.33 ms를 넘으면 경고하되 탈락 조건으로 사용하지 않습니다. 8) 반복 median CV가 5%를 넘으면 지연시간 3회를 한 번 다시 측정합니다. 재측정 후에도 초과하면 Pareto에는 보존하고 최종 권장에서는 제외합니다. | K12: 분석결과 | L12: 논문용 비교와 B01 대비 변화·gate·Pareto
K13: 원시결과 | L13: 1차/2차 후보 원시 집계값
K14: 클래스별 정확도 | L14: 클래스별 bbox/mask AP·AR와 semantic IoU
K15: 반복측정 | L15: 반복별 latency와 환경 추적값
K16: 실패·제외 | L16: 정적 불통·엔진 실패·gate 제외 사유
K17: 평가기준 | L17: 고정 지표·threshold·판정 규칙
K18: 실험환경 | L18: GPU/CUDA/TensorRT/Python/checksum 기록
